rec_id,0,1,2,3,4,5,6,7,8,9,10,11,12,13,14,15,16,17,18
0,8.272951e-15,4.836986e-06,0.015455742,5.9011376e-14,6.548034e-09,1.431779e-22,2.0984338e-05,5.1494812e-17,3.772673e-11,1.6569727e-25,0.6512928,4.5395788e-12,4.7968168e-20,4.4597555e-12,0.9662624,6.568868e-11,1.3937674e-07,3.262981e-13,7.327147e-20
1,7.55468e-15,4.8525567e-06,0.015282569,6.027107e-14,6.6222765e-09,1.3474969e-22,2.0427879e-05,4.7433633e-17,3.985558e-11,1.4932659e-25,0.65655994,4.6520123e-12,4.399104e-20,4.5183458e-12,0.9654116,6.376013e-11,1.2544008e-07,3.346023e-13,6.213038e-20
4,5.5404637e-15,2.7273752e-06,0.021441078,1.1719597e-13,4.518706e-09,5.173941e-23,9.295171e-06,7.694894e-17,6.1122406e-11,1.8651604e-25,0.58072376,4.257363e-12,4.2527446e-20,4.814693e-12,0.96283615,7.344796e-11,1.14906726e-07,4.6908305e-13,2.7732e-20
6,9.640567e-15,1.905735e-06,0.022325516,6.555028e-14,3.2786085e-09,5.2517512e-23,1.2134791e-05,1.3287571e-16,2.3009558e-11,3.0931187e-25,0.5726824,2.6355682e-12,4.4936784e-20,3.4879061e-12,0.97571814,7.422096e-11,3.8902027e-07,2.8836818e-13,1.103078e-19
7,7.298487e-15,2.1591093e-06,0.021106346,6.009911e-14,3.4283782e-09,4.6872468e-23,1.2554708e-05,8.73677e-17,2.3960816e-11,1.8746332e-25,0.5872258,2.749028e-12,3.3806775e-20,3.3112265e-12,0.9749333,6.349871e-11,2.6445673e-07,2.6720816e-13,6.6241476e-20
10,6.279317e-15,4.594291e-06,0.01508697,5.958582e-14,6.310866e-09,1.1152023e-22,1.8738732e-05,4.24766e-17,4.1711842e-11,1.2143869e-25,0.6592245,4.5667177e-12,3.7064244e-20,4.4032265e-12,0.96498364,5.9824944e-11,1.0968764e-07,3.376688e-13,4.5766307e-20
12,6.6243414e-15,3.8361122e-06,0.017659355,6.31439e-14,5.5066836e-09,9.1733334e-23,1.7509836e-05,5.2408797e-17,3.5769672e-11,1.292097e-25,0.63330746,4.0507285e-12,3.5920884e-20,4.1745166e-12,0.96933275,6.185091e-11,1.355578e-07,3.1006922e-13,4.8995304e-20
17,7.609083e-15,4.141287e-06,0.016274408,5.653429e-14,5.744707e-09,1.0680947e-22,1.8382627e-05,5.1186744e-17,3.3467153e-11,1.4865649e-25,0.64554775,3.935638e-12,4.0241455e-20,4.098071e-12,0.96800166,6.217405e-11,1.4539569e-07,2.993823e-13,6.4318895e-20
22,8.076933e-15,8.096909e-06,0.012362451,7.498854e-14,1.1300511e-08,3.6057305e-22,2.9598756e-05,3.9713404e-17,6.874313e-11,1.7554945e-25,0.7257432,8.701635e-12,6.438223e-20,7.837408e-12,0.95437586,8.40777e-11,8.546638e-08,5.566643e-13,7.0144535e-20
27,6.9767897e-15,5.1465286e-06,0.015228951,6.55459e-14,7.351573e-09,1.6231052e-22,2.0693165e-05,4.382729e-17,4.3888577e-11,1.2556056e-25,0.67833066,5.2359874e-12,4.2878817e-20,5.434129e-12,0.96445423,7.0153806e-11,1.1018964e-07,3.840143e-13,5.535105e-20
28,7.44826e-15,3.1327525e-06,0.018808087,6.323815e-14,4.6630255e-09,7.598814e-23,1.6338174e-05,7.069506e-17,3.0744123e-11,1.7530518e-25,0.6162332,3.7042834e-12,3.8676212e-20,3.8997334e-12,0.9713046,6.543745e-11,1.8821754e-07,3.01183e-13,6.3042866e-20
29,6.6177744e-15,3.384419e-06,0.017197223,5.4924242e-14,4.8410174e-09,7.7430144e-23,1.6745775e-05,5.3603564e-17,3.020756e-11,1.249914e-25,0.63826483,3.6850666e-12,3.3271986e-20,3.902762e-12,0.97049457,6.141912e-11,1.5682899e-07,2.8684428e-13,5.1520476e-20
30,5.4096217e-15,2.735148e-06,0.018831197,5.9000236e-14,4.0569126e-09,4.852927e-23,1.3445441e-05,5.597391e-17,3.0256513e-11,1.1848537e-25,0.6159706,3.2509741e-12,2.6509242e-20,3.5062357e-12,0.97124666,5.5693783e-11,1.5406458e-07,2.7925196e-13,3.724737e-20
31,5.0647026e-15,2.3139396e-06,0.021518672,6.7723754e-14,4.3905697e-09,3.8777796e-23,1.1977475e-05,4.9815566e-17,3.2460562e-11,9.641028e-26,0.6236613,3.1472943e-12,2.0812344e-20,4.073243e-12,0.9679124,6.182273e-11,1.4402694e-07,2.7512817e-13,2.7367746e-20
32,4.430963e-15,2.6679718e-06,0.018192664,6.454682e-14,3.9863903e-09,3.746791e-23,1.1789365e-05,4.7661627e-17,3.4457933e-11,9.6962043e-26,0.61179376,3.2069887e-12,2.2390477e-20,3.3784416e-12,0.96934956,5.315838e-11,1.2308848e-07,2.9791607e-13,2.5035238e-20
33,7.764696e-15,2.2614797e-06,0.020347424,6.692874e-14,3.6864007e-09,5.3543315e-23,1.2118011e-05,9.3752955e-17,2.7550446e-11,2.114415e-25,0.5879686,2.9228438e-12,3.5654945e-20,3.633156e-12,0.97387373,6.844888e-11,2.5170417e-07,2.862802e-13,6.8189526e-20
34,7.1314855e-15,5.541151e-06,0.014219558,6.303584e-14,7.7144255e-09,1.7691375e-22,2.3297796e-05,4.26697e-17,4.6590735e-11,1.3457226e-25,0.6885334,5.8974865e-12,4.579198e-20,5.5071898e-12,0.9626047,6.9857516e-11,1.0760487e-07,3.9142252e-13,5.650372e-20
37,5.70218e-15,5.9835297e-06,0.01422805,8.266458e-14,8.788198e-09,1.780437e-22,2.149462e-05,4.0505645e-17,7.5082676e-11,1.479149e-25,0.6810384,7.439567e-12,4.5133663e-20,6.0838916e-12,0.956369,6.879901e-11,7.563992e-08,5.0582585e-13,3.7012675e-20
40,5.6904677e-15,2.9823716e-06,0.017799953,5.955162e-14,4.3163624e-09,5.864811e-23,1.4765192e-05,5.66011e-17,3.2107483e-11,1.1849938e-25,0.62469804,3.5853397e-12,2.918487e-20,3.7013808e-12,0.97125167,5.800689e-11,1.4778425e-07,2.936354e-13,3.9259507e-20
41,1.650207e-14,2.1831813e-06,0.021756887,7.684038e-14,3.6417853e-09,1.0130587e-22,1.5006304e-05,1.8546964e-16,2.3895186e-11,5.523638e-25,0.56586695,3.26895e-12,7.9258605e-20,4.223394e-12,0.97685915,9.5510676e-11,5.232818e-07,3.319275e-13,2.3012932e-19
42,2.0018148e-14,2.1897579e-06,0.021430684,7.875372e-14,3.734097e-09,1.1968574e-22,1.5798221e-05,2.1004924e-16,2.338827e-11,6.8898983e-25,0.5628625,3.3810587e-12,9.463422e-20,4.4910577e-12,0.97671515,1.06543566e-10,6.08546e-07,3.4340852e-13,3.0251316e-19
44,1.2937242e-14,2.1411468e-06,0.021631401,7.306626e-14,3.4834304e-09,7.445161e-23,1.3886244e-05,1.6284313e-16,2.3811154e-11,4.4220254e-25,0.5682998,3.0658787e-12,6.326764e-20,3.8799758e-12,0.97604185,8.688373e-11,4.547743e-07,3.2168381e-13,1.6322661e-19
47,1.0230357e-14,2.2910153e-06,0.021954004,7.489834e-14,3.4997265e-09,6.9599626e-23,1.4009962e-05,1.3393882e-16,2.7651841e-11,3.436803e-25,0.5722593,3.2736734e-12,5.6199756e-20,3.741356e-12,0.9753989,7.453761e-11,3.3523716e-07,3.4504992e-13,1.1126969e-19
48,6.8468333e-15,2.2814697e-06,0.020290202,5.885244e-14,3.4804284e-09,4.7203887e-23,1.2876561e-05,7.760128e-17,2.4427668e-11,1.6187619e-25,0.5978105,2.8750609e-12,3.1426508e-20,3.3767472e-12,0.9746736,6.105401e-11,2.3327101e-07,2.720297e-13,5.7663006e-20
49,5.94786e-15,3.3838187e-06,0.017871244,6.9240966e-14,5.0705955e-09,7.5680046e-23,1.5861477e-05,5.981529e-17,4.0960648e-11,1.5532426e-25,0.6173742,4.2740095e-12,3.5741282e-20,4.2047307e-12,0.96726346,6.45415e-11,1.3942513e-07,3.4181533e-13,4.3395843e-20
51,1.0431894e-14,2.2531467e-06,0.022532463,1.1932295e-13,4.084787e-09,7.379562e-23,1.1913815e-05,1.8517697e-16,4.8193984e-11,5.314666e-25,0.5222941,3.988727e-12,6.497661e-20,4.1206205e-12,0.97342145,8.691439e-11,3.0479973e-07,4.2832296e-13,1.0138295e-19
52,7.351354e-15,2.3599534e-06,0.02021487,5.893399e-14,3.5509766e-09,5.217784e-23,1.3398147e-05,7.99581e-17,2.4336472e-11,1.7261498e-25,0.59859765,2.9260511e-12,3.3731288e-20,3.4277847e-12,0.9748266,6.244931e-11,2.401927e-07,2.7362414e-13,6.398144e-20
57,7.434776e-15,1.7533982e-06,0.022112677,6.353666e-14,3.0985696e-09,3.847397e-23,1.0732016e-05,1.1047768e-16,2.377866e-11,2.358818e-25,0.579113,2.4935694e-12,3.5208377e-20,3.340916e-12,0.97426295,6.797543e-11,3.3387448e-07,2.8382217e-13,7.470294e-20
59,7.378747e-15,1.7509786e-06,0.02212232,6.393942e-14,3.0782645e-09,3.8667746e-23,1.0761246e-05,1.1004067e-16,2.3931995e-11,2.3268414e-25,0.5794084,2.5055357e-12,3.56389e-20,3.3482013e-12,0.9743471,6.8163815e-11,3.3119636e-07,2.8740725e-13,7.33411e-20
62,7.0012914e-15,1.8296225e-06,0.021501709,6.027728e-14,3.180271e-09,3.7052737e-23,1.093222e-05,9.624058e-17,2.3593162e-11,2.0249679e-25,0.58299494,2.4740602e-12,3.194199e-20,3.2356635e-12,0.9739544,6.5306406e-11,2.9821132e-07,2.685135e-13,6.555221e-20
63,8.386707e-15,1.9855531e-06,0.021777768,6.295882e-14,3.2763519e-09,4.9062188e-23,1.2297119e-05,1.1038711e-16,2.3248837e-11,2.4398395e-25,0.58056676,2.718219e-12,3.9021955e-20,3.4494478e-12,0.97557837,6.907895e-11,3.2989664e-07,2.8007235e-13,8.5884205e-20
65,7.745584e-15,1.8070846e-06,0.022008581,6.415406e-14,3.138876e-09,4.1321598e-23,1.1155175e-05,1.1310794e-16,2.3724162e-11,2.434661e-25,0.5779031,2.5475611e-12,3.6844896e-20,3.4016479e-12,0.97458655,6.888567e-11,3.3748356e-07,2.8942284e-13,7.8727955e-20
66,4.5721932e-15,1.9988029e-06,0.019931184,5.5392722e-14,3.2395526e-09,2.76939e-23,1.0251199e-05,5.594338e-17,2.5954213e-11,1.0365433e-25,0.6025289,2.48962e-12,2.094799e-20,3.0126353e-12,0.97148174,5.2860417e-11,1.7798055e-07,2.567854e-13,3.04401e-20
68,8.843914e-15,2.0705977e-06,0.021319794,6.664811e-14,3.3276422e-09,5.5351176e-23,1.2758008e-05,1.1808432e-16,2.4058725e-11,2.6355308e-25,0.58482456,2.8877452e-12,4.316487e-20,3.7015434e-12,0.975392,7.224019e-11,3.4084619e-07,3.0715903e-13,9.215366e-20
69,6.21948e-15,3.0357803e-06,0.02122692,1.6663802e-13,6.6465473e-09,8.020989e-23,9.428861e-06,7.201381e-17,7.625997e-11,1.615474e-25,0.6045965,4.836368e-12,3.7226207e-20,6.3532482e-12,0.96222544,8.274152e-11,9.20704e-08,6.0401266e-13,3.0010727e-20
70,8.208508e-15,2.9513333e-06,0.019632129,6.764152e-14,4.449753e-09,6.725066e-23,1.5522966e-05,7.628345e-17,3.140472e-11,2.0651667e-25,0.6199299,3.8257062e-12,4.3496944e-20,4.072909e-12,0.9717159,7.0264954e-11,2.021044e-07,3.2091837e-13,6.30905e-20
72,7.559148e-15,2.892575e-06,0.020287912,1.6165717e-13,6.0792495e-09,8.972087e-23,9.224508e-06,7.6135186e-17,6.9802907e-11,1.641947e-25,0.60862064,4.5999897e-12,3.802419e-20,6.349396e-12,0.96332943,8.746801e-11,1.0493632e-07,6.0797255e-13,3.5106317e-20
74,7.7431915e-15,5.74636e-06,0.013874558,9.352163e-14,7.856652e-09,1.7996315e-22,2.1204798e-05,6.306509e-17,8.319887e-11,2.6048855e-25,0.64861643,7.630518e-12,6.9049664e-20,5.744325e-12,0.9591553,7.139135e-11,9.420472e-08,5.601396e-13,5.135036e-20
75,7.089903e-15,3.572702e-06,0.017334012,6.351303e-14,5.1788644e-09,9.826208e-23,1.7462995e-05,6.199529e-17,3.9013577e-11,1.6703125e-25,0.63173187,4.336168e-12,4.3688013e-20,4.344049e-12,0.96837246,6.5171764e-11,1.543546e-07,3.4875653e-13,5.580518e-20
77,9.778087e-15,2.7667136e-06,0.020329546,5.740596e-14,4.113128e-09,8.4916206e-23,1.5989432e-05,8.974716e-17,2.4147637e-11,2.235688e-25,0.59703815,3.1864472e-12,4.7131084e-20,3.6724786e-12,0.9745577,7.2286774e-11,2.769422e-07,2.6406283e-13,1.0336994e-19
79,5.543698e-15,3.560532e-06,0.017255701,5.894748e-14,5.084755e-09,7.1044674e-23,1.6177535e-05,4.5887874e-17,3.5213568e-11,1.107861e-25,0.6350583,3.865026e-12,2.9559548e-20,3.865837e-12,0.9685382,5.6822474e-11,1.2350097e-07,2.958453e-13,3.802753e-20
81,9.094245e-15,2.4816425e-06,0.021094874,5.9711425e-14,3.8013814e-09,6.5217384e-23,1.4375278e-05,9.213833e-17,2.2999071e-11,2.2108386e-25,0.58884835,2.8796158e-12,4.1500643e-20,3.464336e-12,0.97522926,6.8617896e-11,2.85123e-07,2.6394e-13,9.3022864e-20
82,8.89151e-15,2.2133293e-06,0.022067718,6.324141e-14,3.5173129e-09,5.6352304e-23,1.3030606e-05,1.0267605e-16,2.3307445e-11,2.3499538e-25,0.58155584,2.7472354e-12,4.035721e-20,3.4415355e-12,0.975454,6.787839e-11,3.019298e-07,2.723339e-13,9.110401e-20
83,6.24804e-15,2.858022e-06,0.019012954,5.549583e-14,4.179223e-09,5.80217e-23,1.454961e-05,5.785148e-17,2.7204815e-11,1.28993e-25,0.6159555,3.1382607e-12,3.0129566e-20,3.4723272e-12,0.97213835,5.837783e-11,1.7534992e-07,2.6427195e-13,4.9173183e-20
84,5.517264e-15,3.4732695e-06,0.01732668,5.5256598e-14,4.9288773e-09,7.058329e-23,1.6014106e-05,4.5220416e-17,3.2959416e-11,1.057076e-25,0.6412127,3.7502584e-12,2.906488e-20,3.844088e-12,0.9687961,5.711259e-11,1.2954793e-07,2.891216e-13,3.8925317e-20
85,1.1557585e-14,2.6049436e-06,0.021352123,6.117759e-14,3.967677e-09,8.4848857e-23,1.5483918e-05,1.088043e-16,2.2217566e-11,2.9298464e-25,0.58729535,2.9519943e-12,5.3234646e-20,3.654374e-12,0.97549677,7.63208e-11,3.4133868e-07,2.6770502e-13,1.3805068e-19
86,8.241453e-15,2.9371874e-06,0.01937512,5.4565778e-14,4.295428e-09,7.541894e-23,1.5691465e-05,7.0103974e-17,2.4567612e-11,1.7222167e-25,0.6119269,3.0994278e-12,3.8797087e-20,3.6100636e-12,0.973201,6.522586e-11,2.2348678e-07,2.6214184e-13,7.88193e-20
87,7.2740835e-15,3.427041e-06,0.018102484,5.5358926e-14,4.8715467e-09,8.386194e-23,1.6883017e-05,5.6886825e-17,2.895689e-11,1.4196269e-25,0.62828803,3.4548274e-12,3.6158036e-20,3.8238605e-12,0.9706387,6.105413e-11,1.6943547e-07,2.7743522e-13,6.0414176e-20
89,7.991913e-15,3.446648e-06,0.018286383,5.6495485e-14,4.868194e-09,9.288196e-23,1.741528e-05,6.2950436e-17,2.8832832e-11,1.6403694e-25,0.6223383,3.6060241e-12,4.1197637e-20,3.8886216e-12,0.97104347,6.5340795e-11,1.8799795e-07,2.7974509e-13,7.2712084e-20
90,7.380211e-15,3.0407118e-06,0.020193428,5.7886e-14,4.668739e-09,7.561079e-23,1.6995371e-05,6.189982e-17,2.696789e-11,1.5008212e-25,0.60937446,3.4230349e-12,3.3713407e-20,3.722465e-12,0.97213364,6.457216e-11,1.9045325e-07,2.5375502e-13,6.2087026e-20
92,6.498941e-15,2.8992501e-06,0.019076677,5.3887704e-14,4.199463e-09,6.0643367e-23,1.4947788e-05,5.810604e-17,2.6285961e-11,1.3067295e-25,0.6168567,3.111885e-12,3.1010888e-20,3.4692158e-12,0.9722692,5.888228e-11,1.7999848e-07,2.58355e-13,5.2396328e-20
95,5.741315e-15,2.6810587e-06,0.020717202,6.816138e-14,4.1927404e-09,5.2018056e-23,1.3191083e-05,6.998481e-17,3.3677953e-11,1.7405246e-25,0.5968504,3.3670551e-12,3.2614013e-20,3.6008351e-12,0.9693739,6.091524e-11,1.7733402e-07,3.0443812e-13,4.560771e-20
98,6.182201e-15,2.9305897e-06,0.018669,5.5610905e-14,4.309518e-09,5.7704506e-23,1.4451994e-05,5.4829538e-17,2.779249e-11,1.2792034e-25,0.617741,3.1254535e-12,2.9508735e-20,3.4391732e-12,0.97114587,5.6265975e-11,1.6641313e-07,2.6709911e-13,4.7705212e-20
99,4.8351893e-15,4.154725e-06,0.01576057,6.242897e-14,5.965579e-09,8.4438144e-23,1.6873939e-05,3.8039343e-17,4.516453e-11,1.0033959e-25,0.6590942,4.590655e-12,2.9416013e-20,4.3468584e-12,0.9635206,5.553414e-11,9.325241e-08,3.492931e-13,2.983244e-20
101,7.290779e-15,2.5727024e-06,0.020656211,6.1072546e-14,3.9381067e-09,5.715158e-23,1.3993779e-05,7.5256224e-17,2.5528545e-11,1.7751852e-25,0.59507394,2.9466447e-12,3.4991333e-20,3.4562312e-12,0.9734196,6.29319e-11,2.2510089e-07,2.7240355e-13,6.569264e-20
104,9.42267e-15,1.9912247e-06,0.021946529,6.421967e-14,3.3089145e-09,5.4477863e-23,1.2500705e-05,1.2376075e-16,2.2813607e-11,2.8187563e-25,0.5781673,2.7301646e-12,4.3740707e-20,3.546274e-12,0.97581613,7.340174e-11,3.651623e-07,2.878637e-13,1.0373414e-19
105,1.2057432e-14,1.7970807e-06,0.022712655,7.2425234e-14,3.240943e-09,6.2167275e-23,1.2170197e-05,1.8020895e-16,2.3104418e-11,4.535464e-25,0.5687278,2.7354135e-12,5.806607e-20,3.8736015e-12,0.97600025,8.6709896e-11,5.0900644e-07,3.2346006e-13,1.6093097e-19
106,4.090724e-15,2.0858483e-06,0.020210695,6.228006e-14,3.5369638e-09,2.6286756e-23,1.0256293e-05,5.20196e-17,3.019627e-11,1.006052e-25,0.6010556,2.657425e-12,2.0575916e-20,3.1716702e-12,0.9681881,5.5588718e-11,1.5577275e-07,2.6625577e-13,2.4789768e-20
107,4.310245e-15,2.713702e-06,0.019474251,7.518589e-14,4.4408077e-09,3.9244177e-23,1.1439362e-05,4.836844e-17,3.9219794e-11,1.0271672e-25,0.6084025,3.4659354e-12,2.3443098e-20,3.6464993e-12,0.96635175,5.982734e-11,1.226348e-07,3.2057823e-13,2.4179976e-20
109,7.63103e-15,1.7610988e-06,0.021949857,6.261297e-14,3.113202e-09,3.9055705e-23,1.0764602e-05,1.10811113e-16,2.3353992e-11,2.366091e-25,0.58198786,2.464697e-12,3.516234e-20,3.3537298e-12,0.9744021,6.822729e-11,3.3664202e-07,2.8374045e-13,7.6919176e-20
112,8.274908e-15,2.7206027e-06,0.02026126,5.764185e-14,4.0457238e-09,6.899875e-23,1.5069966e-05,7.828603e-17,2.4263288e-11,1.9017152e-25,0.6014494,3.0313163e-12,3.972441e-20,3.539577e-12,0.9735827,6.535151e-11,2.449081e-07,2.6572307e-13,8.0703844e-20
113,5.5560622e-15,2.5065717e-06,0.020390837,7.0338334e-14,3.9385273e-09,4.3922724e-23,1.2611719e-05,6.3219005e-17,3.1949506e-11,1.3735216e-25,0.5974271,3.2221515e-12,2.8918674e-20,3.6335787e-12,0.97035664,5.9335724e-11,1.677236e-07,3.02909e-13,3.7214277e-20
117,3.5132527e-15,1.9410754e-06,0.022375327,9.7440576e-14,3.8845207e-09,2.0600702e-23,7.26844e-06,5.5354937e-17,5.2742085e-11,1.1025404e-25,0.5864788,3.247262e-12,2.5276484e-20,4.2556987e-12,0.95682645,6.6003286e-11,1.0232713e-07,3.8965044e-13,1.4590342e-20
119,3.9765287e-15,2.6907487e-06,0.018161543,5.978447e-14,4.0527675e-09,3.602677e-23,1.1817305e-05,4.0064907e-17,3.3564575e-11,7.8270754e-26,0.6275747,3.195967e-12,1.9806394e-20,3.4304992e-12,0.9685595,5.0519772e-11,1.1157553e-07,2.9092494e-13,2.0869505e-20
121,8.6781854e-15,2.397785e-06,0.021420622,6.171872e-14,3.7652006e-09,6.114628e-23,1.36907265e-05,9.379015e-17,2.3886894e-11,2.2569044e-25,0.5899838,2.9013651e-12,3.965688e-20,3.4805626e-12,0.97467357,6.869568e-11,2.8312547e-07,2.711408e-13,8.6561104e-20
124,5.559327e-15,1.8575577e-06,0.020516586,6.24815e-14,3.1899667e-09,3.1386683e-23,1.038115e-05,7.79371e-17,2.7574366e-11,1.6678612e-25,0.5928829,2.5248304e-12,2.8531217e-20,3.2510175e-12,0.9714744,6.0567676e-11,2.2625836e-07,3.0170275e-13,4.400564e-20
127,5.1390666e-15,2.2324189e-06,0.020016767,5.8394445e-14,3.4769583e-09,3.618889e-23,1.1749105e-05,5.95521e-17,2.6630684e-11,1.1688985e-25,0.60327375,2.7959482e-12,2.4415494e-20,3.2306683e-12,0.97255915,5.5208747e-11,1.836092e-07,2.6701455e-13,3.6017893e-20
129,9.75004e-15,1.9933814e-06,0.021545317,6.9344324e-14,3.337832e-09,5.9058286e-23,1.2331764e-05,1.3387855e-16,2.4455406e-11,3.0735352e-25,0.58031744,2.896295e-12,4.6946442e-20,3.8279033e-12,0.97580385,7.6965025e-11,3.676846e-07,3.2119457e-13,1.0680841e-19
130,5.0153685e-15,2.1635924e-06,0.021211848,6.920889e-14,3.6783236e-09,3.4053166e-23,1.1462077e-05,6.648587e-17,3.2885382e-11,1.5183677e-25,0.5876287,2.9858063e-12,2.7279047e-20,3.3255941e-12,0.9694514,5.910598e-11,1.8408224e-07,2.9435203e-13,3.5536946e-20
134,6.5736677e-15,1.8493861e-06,0.021641087,6.039017e-14,3.156178e-09,3.594043e-23,1.0803135e-05,9.051974e-17,2.3894867e-11,1.8510127e-25,0.5836154,2.4768083e-12,3.0618048e-20,3.2080226e-12,0.9738693,6.281845e-11,2.8084665e-07,2.6943234e-13,5.9677766e-20
135,7.505589e-15,1.7320932e-06,0.021786032,6.307348e-14,3.064077e-09,3.786448e-23,1.0496688e-05,1.10432595e-16,2.371448e-11,2.3554462e-25,0.57948375,2.448298e-12,3.498386e-20,3.3443526e-12,0.9741881,6.8464415e-11,3.3357404e-07,2.857434e-13,7.407581e-20
136,7.46809e-15,1.7656191e-06,0.021441609,6.241123e-14,3.109653e-09,3.8173105e-23,1.06520865e-05,1.06492456e-16,2.3613961e-11,2.2515557e-25,0.5820446,2.468602e-12,3.401232e-20,3.3434087e-12,0.9742292,6.7465485e-11,3.2401238e-07,2.8509232e-13,7.268629e-20
137,7.012143e-15,1.8677468e-06,0.021213114,6.002476e-14,3.162469e-09,3.8640616e-23,1.1133304e-05,9.428304e-17,2.360509e-11,1.9454769e-25,0.58851194,2.5497924e-12,3.1767005e-20,3.2940295e-12,0.97453856,6.3791396e-11,2.8739763e-07,2.7239365e-13,6.383541e-20
139,8.1274344e-15,1.8953493e-06,0.022069382,6.794642e-14,3.294204e-09,4.636157e-23,1.1575309e-05,1.1804515e-16,2.5196165e-11,2.6663435e-25,0.5794249,2.7096261e-12,4.0553822e-20,3.5465986e-12,0.9741147,7.238474e-11,3.421861e-07,3.004211e-13,8.2917625e-20
143,4.7727545e-15,2.140467e-06,0.019889783,5.6135113e-14,3.3792136e-09,3.1918555e-23,1.111317e-05,5.6640623e-17,2.6169301e-11,1.0707406e-25,0.6045666,2.655221e-12,2.228014e-20,3.1358733e-12,0.97214174,5.361446e-11,1.7678084e-07,2.5887343e-13,3.2491574e-20
144,9.943214e-15,1.8953095e-06,0.023063207,6.975569e-14,3.3366034e-09,5.656704e-23,1.2124427e-05,1.4220128e-16,2.3612296e-11,3.353388e-25,0.5727966,2.6901556e-12,4.7445144e-20,3.730724e-12,0.97550833,7.694668e-11,4.046089e-07,3.069482e-13,1.1823063e-19
154,1.2335034e-14,1.860091e-06,0.02322418,7.802439e-14,3.4111518e-09,6.7623675e-23,1.2523664e-05,1.8673188e-16,2.4397309e-11,4.9905333e-25,0.5683266,2.864371e-12,6.150993e-20,4.0685766e-12,0.97534174,8.7935055e-11,5.1267637e-07,3.3776993e-13,1.689994e-19
156,7.974038e-15,1.740505e-06,0.022276279,6.4590165e-14,3.0860774e-09,4.123814e-23,1.0837478e-05,1.2142489e-16,2.34013e-11,2.6200435e-25,0.5773213,2.4906982e-12,3.814856e-20,3.420894e-12,0.97469515,7.073843e-11,3.626362e-07,2.9155375e-13,8.526235e-20
157,9.235873e-15,1.7514228e-06,0.022634657,6.755848e-14,3.1052136e-09,4.761133e-23,1.1277673e-05,1.4364224e-16,2.3198563e-11,3.2281714e-25,0.5728774,2.5759197e-12,4.4217495e-20,3.5782553e-12,0.9755143,7.57559e-11,4.1421734e-07,3.0148648e-13,1.0791501e-19
158,1.10830255e-14,2.5110578e-06,0.021103427,6.054321e-14,3.8373904e-09,8.047745e-23,1.5120912e-05,1.08141e-16,2.227642e-11,2.78064e-25,0.5894253,2.966008e-12,5.1060683e-20,3.687661e-12,0.9756512,7.5443714e-11,3.3744044e-07,2.7352082e-13,1.279666e-19
159,1.1762227e-14,2.436223e-06,0.021412253,6.223803e-14,3.786569e-09,8.09893e-23,1.4896671e-05,1.1779055e-16,2.1916755e-11,3.0542619e-25,0.58404535,2.910072e-12,5.355647e-20,3.6938556e-12,0.9760447,7.8447554e-11,3.6496314e-07,2.7351038e-13,1.4075953e-19
161,6.6109617e-15,2.4008123e-06,0.020249398,6.630424e-14,3.6627463e-09,4.641324e-23,1.2411875e-05,7.886212e-17,2.9200593e-11,1.8351653e-25,0.58838207,2.9824196e-12,3.3586583e-20,3.373535e-12,0.9724235,6.1978575e-11,2.1039175e-07,2.893522e-13,5.2505974e-20
162,8.940282e-15,1.8633223e-06,0.022267517,6.551203e-14,3.217722e-09,4.835372e-23,1.1778026e-05,1.2784238e-16,2.3185955e-11,2.8965745e-25,0.57549727,2.602191e-12,4.1944694e-20,3.4730294e-12,0.9753427,7.249582e-11,3.7429237e-07,2.900606e-13,9.9197754e-20
163,8.075915e-15,4.545498e-06,0.015633307,5.984985e-14,6.304309e-09,1.3287583e-22,1.9934914e-05,5.3094384e-17,3.7926006e-11,1.6509788e-25,0.6468866,4.441911e-12,4.564426e-20,4.4225604e-12,0.9670902,6.498719e-11,1.4077162e-07,3.222199e-13,6.9491224e-20
164,6.5154486e-15,5.343779e-06,0.0144260945,6.403572e-14,7.2899673e-09,1.4136415e-22,2.081558e-05,4.1445018e-17,4.853243e-11,1.3423081e-25,0.6704017,5.3300806e-12,4.1239306e-20,4.931042e-12,0.96214825,6.29289e-11,9.954253e-08,3.8125557e-13,4.8045267e-20
165,5.706772e-15,4.173441e-06,0.02007605,1.6800649e-13,7.453257e-09,9.7185114e-23,1.287709e-05,6.744405e-17,1.001499e-10,2.2231523e-25,0.5961813,6.6450925e-12,5.257913e-20,6.3388687e-12,0.95968723,8.376669e-11,7.540152e-08,6.3926045e-13,2.7378712e-20
166,5.5036635e-15,3.2457722e-06,0.01748847,5.462128e-14,4.631744e-09,6.0296665e-23,1.45754975e-05,4.6537482e-17,3.1110146e-11,1.0697527e-25,0.631027,3.3632554e-12,2.705623e-20,3.5714437e-12,0.96982557,5.4270047e-11,1.3225443e-07,2.7561455e-13,3.8365567e-20
170,6.2443227e-15,2.4348037e-06,0.019919729,5.765923e-14,3.6620478e-09,4.7238654e-23,1.3192127e-05,6.7401614e-17,2.5504696e-11,1.3939599e-25,0.6041368,2.9564853e-12,2.900872e-20,3.3516772e-12,0.97374785,5.876649e-11,2.0239005e-07,2.6547688e-13,4.922949e-20
171,7.634844e-15,5.2102882e-06,0.014725016,6.002705e-14,7.11173e-09,1.5696248e-22,2.1906164e-05,4.5621873e-17,4.150162e-11,1.4810856e-25,0.66787124,5.0084555e-12,4.6137046e-20,4.8440306e-12,0.9645914,6.7229895e-11,1.2203316e-07,3.4922515e-13,6.4424245e-20
172,6.9655674e-15,6.472931e-06,0.013520466,7.0542286e-14,8.997067e-09,2.1366183e-22,2.4243185e-05,3.9861844e-17,5.9567615e-11,1.4844512e-25,0.69561744,6.8047135e-12,5.033891e-20,6.063318e-12,0.9583704,7.151073e-11,8.889574e-08,4.5845104e-13,5.3324075e-20
173,6.832822e-15,5.746809e-06,0.013953741,6.574975e-14,7.832533e-09,1.7023886e-22,2.238812e-05,4.179845e-17,5.20268e-11,1.3942736e-25,0.6810639,5.8553652e-12,4.6085683e-20,5.3450356e-12,0.96173316,6.629676e-11,9.727893e-08,4.0754715e-13,5.16149e-20
174,6.5754736e-15,5.5874816e-06,0.014129826,6.4570704e-14,7.738063e-09,1.6523486e-22,2.1885176e-05,4.0353424e-17,5.0707827e-11,1.3038863e-25,0.6822447,5.7793497e-12,4.3856156e-20,5.407845e-12,0.96189237,6.638787e-11,9.6379694e-08,4.0185138e-13,4.901961e-20
176,8.76014e-15,4.0894934e-06,0.016347976,8.8953306e-14,6.092471e-09,1.4668232e-22,1.6353451e-05,8.1586776e-17,6.078861e-11,2.700914e-25,0.60770476,5.622282e-12,5.954633e-20,4.8703507e-12,0.96654177,7.251007e-11,1.4170546e-07,4.4145013e-13,6.917463e-20
177,5.4784435e-15,2.827458e-06,0.018511632,5.5188872e-14,4.1150976e-09,5.0582336e-23,1.3955623e-05,5.24024e-17,2.8402121e-11,1.0896995e-25,0.6238681,3.1681756e-12,2.6183215e-20,3.4693615e-12,0.9716004,5.5117105e-11,1.526723e-07,2.7074908e-13,3.8374495e-20
179,8.293616e-15,8.876102e-06,0.01175155,8.828161e-14,1.2308773e-08,4.0570644e-22,3.0129115e-05,4.381225e-17,8.8931223e-11,2.1451657e-25,0.7182766,1.0011109e-11,7.5722614e-20,8.338756e-12,0.951465,8.66208e-11,7.681994e-08,6.500907e-13,6.950448e-20
180,8.426472e-15,6.1547244e-06,0.013772456,6.474361e-14,8.338578e-09,2.1947756e-22,2.461354e-05,4.571839e-17,4.9118754e-11,1.726815e-25,0.68374,6.0033974e-12,5.622463e-20,5.544003e-12,0.9614881,7.16284e-11,1.134669e-07,4.0285825e-13,7.4173925e-20
181,6.899665e-15,5.464183e-06,0.015341833,7.676567e-14,7.89657e-09,1.7927043e-22,2.0370742e-05,4.294092e-17,5.5798515e-11,1.3457278e-25,0.67829263,6.051487e-12,4.5985936e-20,5.9587582e-12,0.961861,7.453874e-11,9.653976e-08,4.434003e-13,4.7996722e-20
182,7.738674e-15,7.496332e-06,0.015018727,9.585363e-14,1.1452466e-08,3.368869e-22,2.6625054e-05,4.291423e-17,6.9934974e-11,1.4730564e-25,0.7112358,8.181558e-12,5.6877624e-20,8.193629e-12,0.958182,8.488693e-11,8.030019e-08,5.9707133e-13,6.147662e-20
184,7.393765e-15,6.195902e-06,0.013724605,6.214337e-14,8.57534e-09,2.2151643e-22,2.5248739e-05,3.9742505e-17,4.8833094e-11,1.4051983e-25,0.7021808,6.3793064e-12,4.968189e-20,6.0475062e-12,0.959972,7.5665356e-11,1.0253226e-07,4.1805226e-13,6.163301e-20
185,9.551287e-15,9.364947e-06,0.011767142,8.1722396e-14,1.30073765e-08,5.315363e-22,3.4423447e-05,4.320266e-17,7.723237e-11,2.2010689e-25,0.73454595,1.0395977e-11,8.33149e-20,9.114558e-12,0.95203793,9.6295034e-11,8.8951026e-08,6.321094e-13,9.140443e-20
187,6.1419816e-15,6.3612483e-06,0.015356608,9.5854544e-14,1.0143614e-08,2.3024487e-22,1.9904062e-05,4.131763e-17,7.336731e-11,1.1403758e-25,0.7008054,6.9000174e-12,4.3034983e-20,7.2046275e-12,0.9600796,7.298864e-11,6.785285e-08,5.974689e-13,4.033982e-20
188,7.758419e-15,7.6067813e-06,0.013031689,7.9906676e-14,1.0663496e-08,3.1601637e-22,2.8523382e-05,4.31763e-17,6.969262e-11,1.7251953e-25,0.70596105,8.380435e-12,6.129023e-20,7.285272e-12,0.9565281,8.1445684e-11,8.622021e-08,5.3466633e-13,6.415154e-20
191,6.710486e-15,3.7362654e-06,0.016217679,6.515054e-14,5.4309766e-09,1.00631067e-22,1.5972986e-05,5.4970274e-17,4.1649753e-11,1.462474e-25,0.64008963,4.534828e-12,3.8607224e-20,4.5938873e-12,0.9668771,6.5850374e-11,1.3366328e-07,3.4398672e-13,4.8165095e-20
195,7.4661245e-15,4.755316e-06,0.01520073,5.839979e-14,6.6162293e-09,1.416897e-22,2.1274274e-05,4.6993997e-17,3.8208593e-11,1.3953484e-25,0.6693517,4.8939936e-12,4.3159434e-20,4.8016335e-12,0.9656421,6.747333e-11,1.3070876e-07,3.400959e-13,6.20875e-20
196,7.659757e-15,2.8641232e-06,0.018884113,5.9162615e-14,4.2145567e-09,6.9181126e-23,1.5423628e-05,7.013313e-17,2.8034361e-11,1.742398e-25,0.6145586,3.429099e-12,3.8463162e-20,3.7662794e-12,0.97221434,6.321702e-11,2.0707898e-07,2.8478795e-13,6.450539e-20
197,5.450573e-15,5.3623717e-06,0.014380402,7.306138e-14,7.745121e-09,1.3873943e-22,1.9990826e-05,3.8223057e-17,6.165139e-11,1.2964318e-25,0.6767981,6.2334677e-12,3.9472448e-20,5.3757385e-12,0.95839477,6.265727e-11,8.1188496e-08,4.3914406e-13,3.532987e-20
198,4.721777e-15,6.327016e-06,0.015304817,1.0796454e-13,1.0319164e-08,1.7101472e-22,1.7733846e-05,3.730203e-17,9.507555e-11,1.1295004e-25,0.7009718,7.761021e-12,3.7321187e-20,7.1670734e-12,0.95572245,6.7057006e-11,5.014248e-08,6.3607263e-13,2.5080548e-20
207,6.969129e-15,2.2826973e-06,0.020332683,5.816768e-14,3.4728622e-09,4.796828e-23,1.2904147e-05,7.7814415e-17,2.4249502e-11,1.6395499e-25,0.59940356,2.8622684e-12,3.1718693e-20,3.3837232e-12,0.9746438,6.1496606e-11,2.3398933e-07,2.7039297e-13,5.861376e-20
208,7.865789e-15,4.5611523e-06,0.015712127,8.603892e-14,6.7868107e-09,1.5831248e-22,1.8463392e-05,6.6234754e-17,5.862241e-11,2.1336829e-25,0.6317912,5.9238894e-12,5.565849e-20,5.4457706e-12,0.96414435,7.663251e-11,1.2717183e-07,4.4253595e-13,6.1225266e-20
209,7.0857393e-15,2.7484468e-06,0.019294988,6.082529e-14,4.1918047e-09,6.339825e-23,1.4434665e-05,7.012591e-17,2.7587517e-11,1.5385999e-25,0.6119929,3.200133e-12,3.3737466e-20,3.684694e-12,0.9728461,6.255135e-11,2.0079015e-07,2.848412e-13,5.8734625e-20
211,1.0602602e-14,2.4233648e-06,0.02034629,6.4230576e-14,3.7085663e-09,7.80163e-23,1.4995546e-05,1.1564453e-16,2.4209664e-11,2.8395315e-25,0.59128183,3.1936513e-12,5.217951e-20,3.8803457e-12,0.9754584,7.556541e-11,3.402583e-07,3.0369926e-13,1.1741084e-19
212,1.00363485e-14,1.9059712e-06,0.02271253,7.025065e-14,3.2673966e-09,5.675205e-23,1.2433057e-05,1.4496778e-16,2.4005463e-11,3.5016076e-25,0.57398885,2.835161e-12,4.9799342e-20,3.736336e-12,0.97539,7.826463e-11,4.1279452e-07,3.1313775e-13,1.187373e-19
214,8.866445e-15,1.7692548e-06,0.022084547,7.277044e-14,3.2384406e-09,4.723343e-23,1.0491414e-05,1.3887698e-16,2.580455e-11,3.028656e-25,0.5678356,2.649833e-12,4.2136658e-20,3.650891e-12,0.9746767,7.739222e-11,3.756158e-07,3.1587555e-13,9.452886e-20
218,8.405091e-15,1.699747e-06,0.02264088,6.6775476e-14,3.0620555e-09,4.2337833e-23,1.0831733e-05,1.3199868e-16,2.3615178e-11,2.9127962e-25,0.57623255,2.5211875e-12,4.0603356e-20,3.5087712e-12,0.9746882,7.357233e-11,3.906829e-07,3.010314e-13,9.349495e-20
220,5.862956e-15,1.9512706e-06,0.020669939,5.7907645e-14,3.1837728e-09,3.409385e-23,1.0876917e-05,7.6017653e-17,2.4347475e-11,1.4989216e-25,0.59220386,2.540845e-12,2.7090209e-20,3.150772e-12,0.9733943,5.903612e-11,2.3771992e-07,2.640991e-13,4.7452382e-20
223,3.7812093e-15,3.582764e-06,0.019082023,1.1425992e-13,5.671891e-09,5.1929827e-23,9.196882e-06,4.505357e-17,7.864952e-11,1.096375e-25,0.62633216,5.1175743e-12,3.1264484e-20,5.3926733e-12,0.9567834,6.430152e-11,5.9257097e-08,5.3710617e-13,1.4255673e-20
224,7.5661294e-15,1.7809916e-06,0.021907443,6.3308876e-14,3.10181e-09,4.0255364e-23,1.1053439e-05,1.1124057e-16,2.3737921e-11,2.3711598e-25,0.579919,2.5244258e-12,3.5772925e-20,3.3640894e-12,0.97462624,6.769337e-11,3.327778e-07,2.8627749e-13,7.60387e-20
225,4.8350047e-15,2.05527e-06,0.020110046,5.6427207e-14,3.2829262e-09,3.052168e-23,1.0686823e-05,5.886548e-17,2.6025e-11,1.1103614e-25,0.60153043,2.5632456e-12,2.249604e-20,3.089518e-12,0.97198063,5.4097147e-11,1.8386065e-07,2.5955868e-13,3.335408e-20
226,5.9249425e-15,1.98773e-06,0.020822298,5.931063e-14,3.2085599e-09,3.5889192e-23,1.1301682e-05,7.6966555e-17,2.4650974e-11,1.5275235e-25,0.5939623,2.590346e-12,2.807249e-20,3.2173673e-12,0.9735846,5.863706e-11,2.3748335e-07,2.74169e-13,4.8283198e-20
229,6.548914e-15,2.3472828e-06,0.021004556,1.3960488e-13,4.9809312e-09,6.105259e-23,8.567212e-06,8.484232e-17,6.538094e-11,2.026382e-25,0.59646887,4.105417e-12,3.9437228e-20,5.6104665e-12,0.96215767,8.688207e-11,1.31065e-07,5.4700537e-13,3.3855688e-20
230,5.2018665e-15,3.4363127e-06,0.020894416,7.511451e-14,5.2396616e-09,5.675876e-23,1.3541101e-05,5.698347e-17,5.3050814e-11,1.2670716e-25,0.6423451,5.328139e-12,3.7969257e-20,5.547123e-12,0.96395123,7.3389426e-11,8.733128e-08,4.163684e-13,2.0483272e-20
232,7.336843e-15,4.86452e-06,0.015265472,9.0748935e-14,6.7998713e-09,1.3390114e-22,1.8164326e-05,6.607123e-17,6.7163504e-11,2.2856781e-25,0.61734617,5.98216e-12,5.485414e-20,4.711573e-12,0.96290874,6.60461e-11,1.0794549e-07,4.5058475e-13,5.0976608e-20
233,6.0022207e-15,3.3486822e-06,0.017997043,6.515253e-14,4.896046e-09,7.307067e-23,1.567443e-05,5.5300693e-17,3.7060736e-11,1.3246519e-25,0.6272306,4.0443365e-12,3.3598374e-20,4.062985e-12,0.9689258,6.056883e-11,1.3978926e-07,3.178288e-13,4.2062784e-20
236,1.1085097e-14,2.645241e-06,0.02078498,6.0121924e-14,3.96168e-09,8.67537e-23,1.5736228e-05,1.0499393e-16,2.289534e-11,2.7356407e-25,0.59157795,3.0592837e-12,5.313949e-20,3.713884e-12,0.97517866,7.549971e-11,3.2652312e-07,2.7452327e-13,1.2835968e-19
237,5.9817403e-15,2.8412273e-06,0.01920775,5.869426e-14,4.164852e-09,5.422223e-23,1.3773163e-05,5.8548817e-17,2.935847e-11,1.3081709e-25,0.6118333,3.1852136e-12,2.9586622e-20,3.4541816e-12,0.9717649,5.74891e-11,1.6396304e-07,2.7164187e-13,4.458317e-20
238,4.8103344e-15,3.526297e-06,0.01731974,6.567317e-14,5.3527462e-09,6.873656e-23,1.45956255e-05,4.101455e-17,4.06157e-11,9.008598e-26,0.6384934,4.0228563e-12,2.4919281e-20,4.1838507e-12,0.96732855,5.56286e-11,1.00646005e-07,3.2535595e-13,2.809917e-20
239,5.1026933e-15,3.2797784e-06,0.017433202,5.4773074e-14,4.685448e-09,5.9757634e-23,1.5008108e-05,4.4029385e-17,3.213879e-11,9.6961673e-26,0.6384069,3.5135662e-12,2.6199101e-20,3.6964915e-12,0.96923095,5.4331775e-11,1.260786e-07,2.8337375e-13,3.432999e-20
241,6.7254005e-15,2.7080093e-06,0.019799683,5.5514993e-14,3.9929877e-09,5.704137e-23,1.4286171e-05,6.373477e-17,2.5509659e-11,1.4424174e-25,0.6079196,2.9850887e-12,3.1626023e-20,3.3902802e-12,0.9730311,5.942452e-11,1.9708912e-07,2.5773632e-13,5.627892e-20
242,6.300648e-15,2.6218063e-06,0.019693315,5.5460912e-14,3.8464623e-09,5.1638257e-23,1.3822441e-05,6.2720566e-17,2.5638042e-11,1.3409467e-25,0.6070386,2.9419724e-12,2.9615528e-20,3.3408716e-12,0.9735048,5.7757826e-11,1.901266e-07,2.580275e-13,5.0410202e-20
244,5.5578215e-15,3.5511011e-06,0.017623035,6.010014e-14,5.165478e-09,6.9690484e-23,1.605746e-05,4.6330945e-17,3.4546574e-11,1.1161157e-25,0.6324087,3.852073e-12,2.8980405e-20,3.913981e-12,0.96788555,5.8957464e-11,1.2683101e-07,2.8866536e-13,3.8028834e-20
245,6.7772953e-15,3.1138918e-06,0.01869452,5.5886942e-14,4.5751984e-09,7.012704e-23,1.531972e-05,5.754575e-17,2.8194804e-11,1.3542146e-25,0.61713326,3.2480117e-12,3.2760026e-20,3.6761857e-12,0.9714855,6.018144e-11,1.6976624e-07,2.706768e-13,5.458633e-20
246,6.813093e-15,2.7170843e-06,0.01962083,6.3766483e-14,3.958085e-09,5.158864e-23,1.42256595e-05,7.677419e-17,3.20044e-11,1.9122926e-25,0.5878069,3.409033e-12,3.8265007e-20,3.3227854e-12,0.97191495,6.200624e-11,1.8951238e-07,2.8398952e-13,4.9676774e-20
247,6.660906e-15,3.4628774e-06,0.01770475,5.5048522e-14,4.9295354e-09,8.0475917e-23,1.6589083e-05,5.2434397e-17,3.0449008e-11,1.2864312e-25,0.6345618,3.6082947e-12,3.397057e-20,3.8447258e-12,0.96998286,6.0660164e-11,1.5479772e-07,2.798182e-13,5.3000612e-20
253,4.5731173e-15,3.4805578e-06,0.018627191,7.612456e-14,5.5125366e-09,6.4042145e-23,1.4990985e-05,4.8902574e-17,4.861442e-11,1.3704129e-25,0.6197413,4.5196472e-12,2.9905474e-20,4.1917025e-12,0.9624582,5.9827455e-11,1.09139826e-07,3.6101582e-13,2.8575655e-20
254,4.8304514e-15,2.9500359e-06,0.019254878,9.42866e-14,4.70743e-09,4.656629e-23,1.0413137e-05,5.6386024e-17,5.3742132e-11,1.4518517e-25,0.58803177,3.9661802e-12,3.0574747e-20,3.8752127e-12,0.96501327,5.912999e-11,1.0486529e-07,3.7539633e-13,2.5163346e-20
258,7.988256e-15,2.786616e-06,0.019123068,6.9699834e-14,4.095858e-09,6.9364786e-23,1.326387e-05,8.693319e-17,3.3395096e-11,2.204245e-25,0.5879426,3.4180243e-12,4.280103e-20,3.744112e-12,0.97161424,6.5605785e-11,2.0355962e-07,3.1926022e-13,6.6406686e-20
260,5.9611024e-15,2.9149028e-06,0.021039985,7.9142666e-14,5.009973e-09,6.3726797e-23,1.3488671e-05,6.424102e-17,3.8120732e-11,1.8082789e-25,0.6050944,3.7588947e-12,3.2904935e-20,4.2992164e-12,0.9659053,6.8021214e-11,1.6599485e-07,3.4482755e-13,4.5872752e-20
261,4.6556535e-15,2.9674457e-06,0.018574903,5.9135544e-14,4.2613664e-09,4.6771374e-23,1.3282515e-05,4.6997044e-17,3.38612e-11,1.00581787e-25,0.62289155,3.4059977e-12,2.472649e-20,3.465856e-12,0.9693465,5.1587866e-11,1.2406169e-07,2.8666707e-13,2.8665947e-20
262,1.0521617e-14,1.9812026e-06,0.022253,6.684263e-14,3.3182177e-09,5.9884287e-23,1.2768634e-05,1.409978e-16,2.2775651e-11,3.3624057e-25,0.57391524,2.7604087e-12,4.976573e-20,3.644059e-12,0.9760058,7.8381454e-11,4.0855534e-07,2.9520722e-13,1.2493266e-19
263,1.1332183e-14,1.9812423e-06,0.022020232,6.924902e-14,3.3436431e-09,6.41583e-23,1.2915548e-05,1.5281773e-16,2.3084375e-11,3.7922841e-25,0.5734661,2.8392846e-12,5.4250653e-20,3.783581e-12,0.97595626,8.212612e-11,4.3818716e-07,3.0914033e-13,1.392428e-19
264,4.347167e-15,2.7521266e-06,0.02037685,8.1320604e-14,4.7629927e-09,4.2372086e-23,1.1787184e-05,4.9352725e-17,4.345535e-11,1.1889965e-25,0.60573626,3.8387978e-12,2.528449e-20,3.9364787e-12,0.9641826,6.2506986e-11,1.2184303e-07,3.305048e-13,2.4661962e-20
266,8.685173e-15,1.7626749e-06,0.022237312,6.6015146e-14,3.158623e-09,4.437102e-23,1.1159485e-05,1.3073485e-16,2.3491233e-11,2.9213869e-25,0.5750114,2.5475611e-12,4.1015428e-20,3.4702284e-12,0.97504115,7.3023594e-11,3.853132e-07,2.9501976e-13,9.629699e-20
267,1.872196e-14,1.9493882e-06,0.02183239,8.838876e-14,3.5174808e-09,1.0493796e-22,1.43068955e-05,2.5319768e-16,2.460339e-11,7.897952e-25,0.5684765,3.3568849e-12,9.60673e-20,4.8630453e-12,0.9761774,1.10691886e-10,6.850579e-07,4.091446e-13,2.9848166e-19
268,6.197289e-15,2.1696674e-06,0.021558393,7.033243e-14,3.5623122e-09,4.3650296e-23,1.2531179e-05,7.757938e-17,3.075955e-11,1.7711199e-25,0.5967243,3.070543e-12,3.40462e-20,3.707337e-12,0.97176826,6.436067e-11,2.1176056e-07,3.2734473e-13,4.6734348e-20
269,4.568828e-15,2.9295782e-06,0.018300563,5.6879536e-14,4.319113e-09,4.889161e-23,1.3654477e-05,4.3928224e-17,3.2291423e-11,8.8070336e-26,0.6311977,3.3791633e-12,2.2916818e-20,3.6133084e-12,0.9697195,5.278294e-11,1.2241186e-07,2.8028933e-13,2.7577135e-20
270,6.9599634e-15,2.843252e-06,0.01925895,5.5289703e-14,4.1305337e-09,6.3011994e-23,1.4883535e-05,6.3843785e-17,2.5999102e-11,1.4895394e-25,0.61195886,3.0910918e-12,3.3928348e-20,3.5083965e-12,0.9722963,5.985108e-11,1.9799755e-07,2.662446e-13,5.92425e-20
273,5.601754e-15,2.1639412e-06,0.02164198,6.1926606e-14,3.5908065e-09,3.5837067e-23,1.1424992e-05,6.8405084e-17,2.6265011e-11,1.4014296e-25,0.5997102,2.625914e-12,2.649822e-20,3.206163e-12,0.97178024,5.8241585e-11,2.0865694e-07,2.6567645e-13,4.3463107e-20
274,8.120245e-15,1.8673337e-06,0.022660086,7.673156e-14,3.3526284e-09,4.5205444e-23,1.0852278e-05,1.2711148e-16,2.8129594e-11,2.9800633e-25,0.5622852,2.7573091e-12,4.2179116e-20,3.6430303e-12,0.9736815,7.4690455e-11,3.3338767e-07,3.1996676e-13,8.5048933e-20
275,4.1095396e-15,2.4053752e-06,0.020854507,1.5896828e-13,5.7512413e-09,4.294996e-23,5.7171264e-06,5.2337875e-17,7.159917e-11,8.2844644e-26,0.6086695,3.175399e-12,2.1774652e-20,5.3573855e-12,0.9612757,6.422014e-11,6.852199e-08,5.578005e-13,1.7061156e-20
279,9.256189e-15,3.17429e-06,0.018702114,6.246327e-14,4.695826e-09,9.3939545e-23,1.6504504e-05,8.2803956e-17,2.865285e-11,2.1400246e-25,0.6090709,3.4944385e-12,4.7092985e-20,4.058524e-12,0.97249144,7.085037e-11,2.2499958e-07,2.9926812e-13,8.955619e-20
280,8.658114e-15,3.8532644e-06,0.017181223,5.593717e-14,5.6244467e-09,1.2138747e-22,2.0201813e-05,6.135957e-17,2.975183e-11,1.6294615e-25,0.64169383,4.040728e-12,4.5405126e-20,4.4215226e-12,0.97014344,7.081794e-11,1.8507221e-07,2.9571384e-13,8.058479e-20
281,8.056346e-15,1.8391271e-06,0.022057155,7.505207e-14,3.3749752e-09,4.5695238e-23,1.042513e-05,1.2398379e-16,2.976579e-11,2.9590614e-25,0.5715047,2.8293591e-12,4.1072888e-20,3.7053364e-12,0.97291476,7.3925116e-11,3.1984624e-07,3.288523e-13,7.862441e-20
283,5.0463428e-15,1.9296763e-06,0.020316903,5.6354928e-14,3.2174152e-09,2.8946443e-23,1.0373401e-05,6.3118036e-17,2.5189293e-11,1.2107327e-25,0.5959221,2.4791668e-12,2.270199e-20,3.043285e-12,0.9721604,5.5494855e-11,2.0312096e-07,2.5495624e-13,3.631978e-20
284,6.1695025e-15,2.0905402e-06,0.02059304,6.00472e-14,3.313506e-09,3.9556048e-23,1.1757523e-05,7.832725e-17,2.5132665e-11,1.5713179e-25,0.5928314,2.7214249e-12,2.9170065e-20,3.3075656e-12,0.97396386,5.985508e-11,2.363106e-07,2.7567342e-13,5.0720175e-20
290,7.812083e-15,1.8287992e-06,0.02187929,6.662091e-14,3.1340244e-09,4.1332162e-23,1.1030547e-05,1.1624738e-16,2.5037928e-11,2.6140336e-25,0.57445693,2.6254081e-12,3.8055972e-20,3.3944085e-12,0.9743237,6.9261014e-11,3.32774e-07,2.9956221e-13,7.879375e-20
291,6.3270214e-15,1.9493455e-06,0.021392023,5.99561e-14,3.2331513e-09,3.634966e-23,1.12574935e-05,8.379121e-17,2.4306042e-11,1.7200238e-25,0.58710694,2.5325957e-12,2.962423e-20,3.1658922e-12,0.9736454,6.117302e-11,2.609772e-07,2.673764e-13,5.512453e-20
293,7.49629e-15,1.971103e-06,0.021234917,6.209373e-14,3.236156e-09,4.307384e-23,1.1742911e-05,1.00035054e-16,2.3829102e-11,2.1037227e-25,0.58332837,2.6509552e-12,3.4542403e-20,3.346388e-12,0.9748403,6.534528e-11,2.9658142e-07,2.8117818e-13,7.04274e-20
296,7.688358e-15,1.9051462e-06,0.021993497,6.611734e-14,3.2681258e-09,4.4487117e-23,1.1691432e-05,1.09610404e-16,2.4980497e-11,2.3682492e-25,0.57910717,2.7536985e-12,3.7246376e-20,3.4691696e-12,0.9744598,6.975273e-11,3.2051312e-07,2.8900084e-13,7.544927e-20
297,6.7830115e-15,2.1352314e-06,0.022606907,7.182037e-14,3.6124936e-09,4.4153545e-23,1.2198457e-05,9.5587476e-17,2.9806015e-11,2.296314e-25,0.5783197,2.9994366e-12,3.6618743e-20,3.4709963e-12,0.972024,6.642472e-11,2.574516e-07,3.067451e-13,6.041809e-20
298,7.400877e-15,1.939155e-06,0.021669809,6.24995e-14,3.2285974e-09,4.2330727e-23,1.1650083e-05,1.0182729e-16,2.3953003e-11,2.1530196e-25,0.5819595,2.61004e-12,3.4680245e-20,3.3274787e-12,0.97482795,6.546891e-11,3.0311324e-07,2.7705133e-13,7.128177e-20
299,4.4336855e-15,2.2700451e-06,0.01938906,5.728608e-14,3.5114076e-09,3.1812798e-23,1.1024133e-05,5.0683116e-17,2.8077384e-11,9.5271434e-26,0.6101526,2.7426386e-12,2.1176249e-20,3.1812185e-12,0.9709462,5.2604646e-11,1.5319867e-07,2.6771727e-13,2.7660154e-20
300,7.084496e-15,2.0287312e-06,0.021144435,6.1604754e-14,3.2501235e-09,4.4270593e-23,1.20767445e-05,9.330376e-17,2.4030429e-11,1.9154392e-25,0.5896746,2.758377e-12,3.379749e-20,3.4280658e-12,0.9748537,6.44694e-11,2.8011533e-07,2.8387687e-13,6.479839e-20
301,8.306598e-15,1.9972365e-06,0.02235624,6.643032e-14,3.3861365e-09,4.909233e-23,1.1899497e-05,1.1478924e-16,2.5089654e-11,2.6530825e-25,0.5773292,2.7198215e-12,3.9617114e-20,3.5759288e-12,0.9741964,7.022396e-11,3.2349953e-07,2.904714e-13,8.4646937e-20
303,7.146546e-15,1.9363129e-06,0.02167257,6.0792923e-14,3.2098637e-09,4.1468928e-23,1.15971425e-05,9.748765e-17,2.3505664e-11,2.0161655e-25,0.5831636,2.5985555e-12,3.337788e-20,3.309225e-12,0.9746147,6.51985e-11,2.95797e-07,2.7118165e-13,6.7683646e-20
304,1.3401563e-14,1.7330847e-06,0.022948064,7.6374704e-14,3.18768e-09,6.745466e-23,1.2178963e-05,2.0829858e-16,2.3381446e-11,5.446223e-25,0.567628,2.7819897e-12,6.5693146e-20,4.0736707e-12,0.9761303,9.2440326e-11,5.785261e-07,3.428509e-13,1.9163e-19
307,6.0654255e-15,2.4288809e-06,0.021008285,6.826416e-14,3.8584616e-09,4.6645935e-23,1.25184815e-05,7.178589e-17,3.136557e-11,1.6302263e-25,0.59230477,3.1594436e-12,3.0786467e-20,3.5501044e-12,0.9717432,6.064628e-11,1.8562477e-07,2.9762415e-13,4.540963e-20
308,8.510723e-15,1.9162176e-06,0.02267508,7.451802e-14,3.3510876e-09,4.9918904e-23,1.1178796e-05,1.2717648e-16,2.7195373e-11,2.8544318e-25,0.56482637,2.8225892e-12,4.2919895e-20,3.6906936e-12,0.9744857,7.310805e-11,3.3280287e-07,3.1397264e-13,8.611812e-20
311,1.0212031e-14,1.9044305e-06,0.022717578,7.279834e-14,3.3249206e-09,5.752824e-23,1.1751167e-05,1.509331e-16,2.5141151e-11,3.6702136e-25,0.5723746,2.7490384e-12,4.9975568e-20,3.7824197e-12,0.97501516,7.8408065e-11,4.0731626e-07,3.2482643e-13,1.200128e-19
312,1.2657356e-14,1.7519458e-06,0.02316419,7.6778265e-14,3.1816179e-09,6.446865e-23,1.211071e-05,2.0089349e-16,2.3564156e-11,5.229077e-25,0.5665122,2.7602243e-12,6.325509e-20,4.000689e-12,0.9761385,8.9751546e-11,5.5964915e-07,3.4229813e-13,1.8068363e-19
316,1.8186694e-14,2.3744967e-06,0.021634283,7.342656e-14,3.8805217e-09,1.1950644e-22,1.6379003e-05,1.81185e-16,2.2534407e-11,5.6698337e-25,0.56872386,3.2409383e-12,8.8024586e-20,4.245273e-12,0.9761368,9.887858e-11,5.521988e-07,3.2062715e-13,2.7153747e-19
317,6.5601156e-15,2.5075378e-06,0.019920195,7.1886975e-14,3.914226e-09,5.355292e-23,1.2641956e-05,7.79719e-17,3.3596473e-11,1.9018168e-25,0.5957359,3.4350168e-12,3.4590402e-20,3.7034572e-12,0.97179174,6.131062e-11,1.9216404e-07,3.2765018e-13,5.0367722e-20
318,1.3265378e-14,1.8352409e-06,0.023220664,7.608116e-14,3.2951153e-09,6.888829e-23,1.2559773e-05,1.9856058e-16,2.3561235e-11,5.3258485e-25,0.56216353,2.77089e-12,6.511357e-20,3.913048e-12,0.9761896,9.053573e-11,5.537957e-07,3.264587e-13,1.9097832e-19
319,9.9416215e-15,1.7753057e-06,0.022748603,6.901234e-14,3.1519187e-09,5.1714152e-23,1.1636459e-05,1.530978e-16,2.3445575e-11,3.5865608e-25,0.5707039,2.6305009e-12,4.810542e-20,3.6372953e-12,0.97572607,7.778009e-11,4.3656624e-07,3.0982744e-13,1.2066513e-19
320,8.380598e-15,2.1361845e-06,0.021144764,6.416348e-14,3.3977041e-09,5.236188e-23,1.2812473e-05,1.0551268e-16,2.3951311e-11,2.3652064e-25,0.58416796,2.8260259e-12,3.99481e-20,3.5037687e-12,0.9752996,6.8669084e-11,3.0986075e-07,2.8905762e-13,8.395842e-20
321,6.374602e-15,5.111808e-06,0.014612581,6.314438e-14,7.035743e-09,1.3020441e-22,2.0165724e-05,4.1225213e-17,4.6617134e-11,1.30864e-25,0.66645217,5.087686e-12,3.9824094e-20,4.761151e-12,0.9630506,6.114724e-11,1.0138277e-07,3.6738917e-13,4.6860383e-20
328,6.47116e-15,2.423455e-06,0.020060146,5.8367055e-14,3.6359136e-09,4.805766e-23,1.3296201e-05,7.038507e-17,2.5297434e-11,1.4687806e-25,0.6031393,2.919924e-12,2.9942116e-20,3.3682627e-12,0.97414756,5.923249e-11,2.0971066e-07,2.7094126e-13,5.197271e-20
330,8.905019e-15,9.876826e-06,0.011592084,9.352984e-14,1.422835e-08,5.1534574e-22,3.3446413e-05,4.602602e-17,9.909419e-11,2.3928496e-25,0.72716486,1.1296334e-11,8.47458e-20,9.482903e-12,0.9495199,9.554074e-11,7.338029e-08,7.0936437e-13,7.998238e-20
331,6.2848528e-15,5.244937e-06,0.014339072,6.330537e-14,7.2413946e-09,1.3869075e-22,2.063391e-05,3.982962e-17,4.848802e-11,1.2603083e-25,0.6748009,5.3269602e-12,3.9997045e-20,4.96802e-12,0.96252435,6.210401e-11,9.676005e-08,3.794897e-13,4.5175173e-20
335,6.7321514e-15,2.4250758e-06,0.019999474,5.7688595e-14,3.611543e-09,4.933526e-23,1.3322628e-05,7.303745e-17,2.4612496e-11,1.558299e-25,0.6002954,2.886385e-12,3.115436e-20,3.3619919e-12,0.9741535,5.9773735e-11,2.1996235e-07,2.6615523e-13,5.643026e-20
337,8.628703e-15,6.3409457e-06,0.013595463,6.526857e-14,8.577107e-09,2.3637219e-22,2.54741e-05,4.5675335e-17,5.0385626e-11,1.7851132e-25,0.6859581,6.2270267e-12,5.908226e-20,5.6681296e-12,0.96106917,7.354118e-11,1.13066804e-07,4.1487964e-13,7.6881623e-20
338,8.186587e-15,5.717819e-06,0.014112744,6.25959e-14,7.773922e-09,1.9402473e-22,2.3461716e-05,4.584483e-17,4.6241743e-11,1.6502736e-25,0.6778858,5.6205453e-12,5.30269e-20,5.2584864e-12,0.96257883,6.9236714e-11,1.1670656e-07,3.8604412e-13,7.068471e-20
339,5.1254404e-15,5.1299803e-06,0.01887429,9.5542416e-14,8.87444e-09,1.1417748e-22,1.676781e-05,3.1854424e-17,6.405316e-11,7.875535e-26,0.7056076,5.9367728e-12,2.8087166e-20,6.827061e-12,0.9605677,6.866791e-11,5.7829673e-08,5.0279784e-13,2.181148e-20
340,8.179033e-15,4.3013474e-06,0.016079035,5.5355653e-14,6.0175305e-09,1.356626e-22,2.060746e-05,5.2098637e-17,3.309845e-11,1.4698792e-25,0.6566434,4.322815e-12,4.449601e-20,4.577374e-12,0.9682544,6.72063e-11,1.524715e-07,3.1566354e-13,7.214789e-20
342,6.7881364e-15,5.874109e-06,0.016186256,8.608932e-14,8.813663e-09,1.6429646e-22,2.3313332e-05,4.4267014e-17,6.077644e-11,1.5288001e-25,0.67390454,7.0515586e-12,4.730707e-20,6.160234e-12,0.9590554,7.912317e-11,9.032664e-08,4.5642423e-13,4.2915636e-20
343,8.50446e-15,8.556752e-06,0.012278069,7.904763e-14,1.1905545e-08,4.1202309e-22,3.1384672e-05,4.1606278e-17,7.2758743e-11,1.9342364e-25,0.7248315,9.30685e-12,7.1033133e-20,8.176581e-12,0.9535364,8.796441e-11,8.6823384e-08,5.829799e-13,7.707014e-20
344,8.452227e-15,7.5458083e-06,0.01329458,7.51532e-14,1.0470077e-08,3.422861e-22,2.954258e-05,4.171132e-17,6.312377e-11,1.7546844e-25,0.7133879,8.3424465e-12,6.549697e-20,7.529374e-12,0.95629567,8.468947e-11,9.430252e-08,5.2080855e-13,7.203239e-20
345,6.7272996e-15,6.653197e-06,0.014174132,7.706789e-14,9.9474375e-09,2.5251882e-22,2.4332498e-05,3.8235742e-17,6.204244e-11,1.2185401e-25,0.7109933,7.06521e-12,4.6080936e-20,7.040216e-12,0.9588223,7.4047886e-11,8.0598795e-08,5.0648044e-13,5.0104414e-20
346,6.8073776e-15,4.897103e-06,0.015118007,5.8896796e-14,6.8697195e-09,1.3841063e-22,2.1032603e-05,4.2548606e-17,4.0512718e-11,1.283779e-25,0.6693977,4.8782623e-12,3.9804503e-20,4.815887e-12,0.96436775,6.4686305e-11,1.1498543e-07,3.4249665e-13,5.3955524e-20
348,5.0756306e-15,4.185331e-06,0.018006256,7.6667195e-14,6.173017e-09,7.7572347e-23,1.6715125e-05,4.7973547e-17,6.244276e-11,1.2836713e-25,0.64600635,5.8530654e-12,3.766042e-20,5.085959e-12,0.96296436,6.5820994e-11,7.7516866e-08,4.152454e-13,2.1914814e-20
350,5.435271e-15,3.041199e-06,0.017578602,5.540551e-14,4.4720965e-09,5.737942e-23,1.4571272e-05,4.8847388e-17,3.042689e-11,1.0312701e-25,0.63487923,3.4182394e-12,2.639119e-20,3.6906164e-12,0.97074145,5.5762873e-11,1.4027576e-07,2.8071949e-13,3.7027926e-20
352,4.574374e-15,2.2010347e-06,0.02196743,6.205241e-14,4.493549e-09,3.584951e-23,1.139005e-05,4.618131e-17,2.949452e-11,7.8002197e-26,0.6301328,2.9035908e-12,1.7742963e-20,4.017757e-12,0.96823394,6.14932e-11,1.3604087e-07,2.7182534e-13,2.5007176e-20
353,4.69088e-15,2.698782e-06,0.018684437,5.8576164e-14,3.97272e-09,4.067988e-23,1.2623223e-05,4.7851088e-17,3.0300176e-11,9.7574273e-26,0.62148535,3.1311219e-12,2.2741688e-20,3.3862928e-12,0.9706539,5.2502502e-11,1.3521874e-07,2.7889957e-13,2.9157383e-20
355,6.6593057e-15,4.652137e-06,0.015206649,5.7632176e-14,6.5792944e-09,1.274714e-22,2.0607007e-05,4.3179592e-17,3.9189735e-11,1.2118185e-25,0.67325103,4.8754716e-12,3.8579545e-20,4.8046016e-12,0.9652113,6.4542975e-11,1.177959e-07,3.398981e-13,5.1031667e-20
356,5.862598e-15,4.6967425e-06,0.014954017,6.0323627e-14,6.704467e-09,1.1536528e-22,1.9833256e-05,3.9813672e-17,4.3032636e-11,1.09029e-25,0.6742852,5.042031e-12,3.4808542e-20,4.8051975e-12,0.9639453,6.204327e-11,1.0243941e-07,3.5346774e-13,4.0421153e-20
357,5.9732124e-15,5.685796e-06,0.013937355,7.558158e-14,8.1463165e-09,1.6716219e-22,2.0750631e-05,4.085761e-17,6.712022e-11,1.5149657e-25,0.67924774,6.72763e-12,4.5693913e-20,5.7753828e-12,0.95709056,6.6061975e-11,8.29257e-08,4.742559e-13,4.034659e-20
359,6.9117037e-15,3.1174309e-06,0.018176718,7.0742233e-14,4.5683883e-09,7.2502584e-23,1.4896103e-05,6.9484693e-17,3.6335667e-11,1.7326811e-25,0.60690594,3.90367e-12,3.8612675e-20,3.9726005e-12,0.97088534,6.270258e-11,1.658556e-07,3.3368455e-13,5.2900627e-20
360,6.027805e-15,3.0162953e-06,0.018478464,6.605016e-14,4.386234e-09,6.5496123e-23,1.438522e-05,6.32605e-17,3.648275e-11,1.4123942e-25,0.6164032,3.8883176e-12,3.3661617e-20,3.916707e-12,0.9705301,6.036516e-11,1.4948436e-07,3.2943738e-13,4.2662797e-20
361,5.3736698e-15,2.6349837e-06,0.01874514,5.622405e-14,3.9283616e-09,4.6226296e-23,1.3450866e-05,5.5144386e-17,2.7906216e-11,1.0969022e-25,0.6200166,3.1484771e-12,2.5156437e-20,3.4527522e-12,0.9724554,5.59475e-11,1.597155e-07,2.6998586e-13,3.708235e-20
366,1.2888624e-14,2.409216e-06,0.02339767,8.4920975e-14,4.1420285e-09,9.6096486e-23,1.5022986e-05,1.6058289e-16,2.8304508e-11,5.0727015e-25,0.5736863,3.5011768e-12,7.162467e-20,4.392347e-12,0.97347486,9.2228634e-11,4.1975517e-07,3.5368963e-13,1.7033722e-19
372,1.1497166e-14,2.0656569e-06,0.022559123,1.0033559e-13,3.6583547e-09,7.529418e-23,1.1874975e-05,1.8049928e-16,3.5208666e-11,5.1251603e-25,0.5562247,3.6270492e-12,6.394777e-20,4.488283e-12,0.9748673,8.5811414e-11,3.6684153e-07,4.1357916e-13,1.3122732e-19
374,1.1191788e-14,1.8579475e-06,0.022774953,7.239126e-14,3.2242526e-09,6.089512e-23,1.2304861e-05,1.6828943e-16,2.3721672e-11,4.1313045e-25,0.56907713,2.7950203e-12,5.537069e-20,3.789901e-12,0.9759633,8.297083e-11,4.6949148e-07,3.2173965e-13,1.4294781e-19
375,1.1925963e-14,1.8179744e-06,0.023130726,7.7076705e-14,3.2348229e-09,6.3399943e-23,1.2457019e-05,1.8908442e-16,2.4190048e-11,4.825067e-25,0.56596816,2.876624e-12,6.1334434e-20,3.9821284e-12,0.97590256,8.8407955e-11,5.203492e-07,3.4033144e-13,1.6158118e-19
376,9.8297725e-15,1.6885232e-06,0.022108141,7.910086e-14,3.2840912e-09,5.2805585e-23,1.02555205e-05,1.5777516e-16,2.7836523e-11,3.5809421e-25,0.5598054,2.741561e-12,4.726594e-20,3.807101e-12,0.9752809,8.395335e-11,3.9904398e-07,3.2795405e-13,1.0680718e-19
377,8.878189e-15,1.7873997e-06,0.022653582,6.774429e-14,3.1666578e-09,4.653823e-23,1.1535075e-05,1.3481333e-16,2.4039323e-11,3.0512575e-25,0.5710825,2.6669663e-12,4.3080316e-20,3.5411977e-12,0.9749286,7.581617e-11,3.885038e-07,2.9940972e-13,9.8287345e-20
381,7.736726e-15,1.8038596e-06,0.022077255,6.36281e-14,3.1318852e-09,4.160329e-23,1.1168385e-05,1.1128938e-16,2.3692824e-11,2.3802677e-25,0.5786401,2.564199e-12,3.641328e-20,3.387546e-12,0.97469646,6.8813316e-11,3.3413312e-07,2.8571397e-13,7.8049454e-20
382,7.446669e-15,1.8483087e-06,0.021656277,6.205821e-14,3.1486138e-09,4.0588118e-23,1.12581165e-05,1.03890325e-16,2.3583309e-11,2.2012283e-25,0.5816327,2.5609048e-12,3.4671647e-20,3.3188836e-12,0.97473824,6.650561e-11,3.1469534e-07,2.7759032e-13,7.2302455e-20
383,6.3332272e-15,2.0629698e-06,0.021029588,5.972122e-14,3.3196925e-09,3.9610407e-23,1.1782015e-05,7.8504635e-17,2.4708968e-11,1.6087155e-25,0.5920124,2.6864535e-12,2.954275e-20,3.2524628e-12,0.97392255,6.059009e-11,2.4060145e-07,2.6739678e-13,5.2808483e-20
384,9.663874e-15,2.035318e-06,0.021858755,6.582265e-14,3.3356236e-09,5.7688224e-23,1.2774797e-05,1.2503916e-16,2.3345307e-11,2.8923898e-25,0.5786853,2.8243232e-12,4.562859e-20,3.615018e-12,0.9758239,7.436124e-11,3.636457e-07,2.9756625e-13,1.0597358e-19
386,6.57269e-15,1.8436261e-06,0.02137946,6.051331e-14,3.1227587e-09,3.6127236e-23,1.0827023e-05,9.172836e-17,2.4035014e-11,1.8792943e-25,0.58412874,2.5142627e-12,3.0855953e-20,3.224543e-12,0.9738718,6.317231e-11,2.8160724e-07,2.7226433e-13,5.889976e-20
388,5.29472e-15,2.0460568e-06,0.020544523,5.7676276e-14,3.2932617e-09,3.2548836e-23,1.0985522e-05,6.50253e-17,2.5510875e-11,1.2853276e-25,0.5987616,2.6095174e-12,2.4683045e-20,3.115698e-12,0.97244817,5.6723935e-11,2.0536561e-07,2.6057558e-13,3.9254418e-20
391,1.0739825e-14,2.946628e-06,0.018893134,5.87636e-14,4.309493e-09,9.5013885e-23,1.7004872e-05,9.3822716e-17,2.4849053e-11,2.4139824e-25,0.6106707,3.404452e-12,5.1820274e-20,3.9375976e-12,0.9743423,7.490245e-11,2.8231608e-07,2.8664793e-13,1.160049e-19
392,5.398716e-15,2.0655762e-06,0.021758236,8.3048294e-14,3.935141e-09,3.4342252e-23,1.0814413e-05,7.5435285e-17,4.323659e-11,1.7465505e-25,0.5829632,3.621222e-12,3.2756527e-20,4.207715e-12,0.965067,7.403786e-11,1.7103656e-07,3.465696e-13,2.9456438e-20
393,7.271642e-15,4.019792e-06,0.020935537,1.6222149e-13,8.004309e-09,1.0521212e-22,1.3257559e-05,5.6847776e-17,8.048392e-11,1.5054657e-25,0.6475484,6.0730748e-12,4.1807152e-20,7.414367e-12,0.9585635,8.594343e-11,7.6783024e-08,6.7931175e-13,2.8313287e-20
394,7.969993e-15,3.2137084e-06,0.018210826,8.7541146e-14,5.14692e-09,9.398865e-23,1.3880286e-05,7.9984024e-17,4.2026327e-11,1.9077752e-25,0.6044807,4.0894896e-12,4.1599388e-20,4.3870055e-12,0.9729317,6.4842444e-11,1.6050078e-07,3.7671035e-13,6.355453e-20
396,5.545623e-15,3.98347e-06,0.0166519,6.492935e-14,5.7148823e-09,9.2298114e-23,1.752031e-05,4.6292078e-17,4.27248e-11,1.1850119e-25,0.64283824,4.6199056e-12,3.403997e-20,4.4621208e-12,0.9657972,6.1222395e-11,1.135925e-07,3.4517498e-13,3.791961e-20
397,4.954178e-15,4.5967936e-06,0.01607085,8.362848e-14,6.9457413e-09,1.0142265e-22,1.7816605e-05,4.498007e-17,6.3748826e-11,1.3145791e-25,0.66420174,6.15056e-12,3.3916702e-20,5.491917e-12,0.9612437,6.6418135e-11,8.373054e-08,4.5297078e-13,2.777636e-20
399,9.347488e-15,2.8092163e-06,0.019802172,5.6562763e-14,4.119464e-09,8.071357e-23,1.5785572e-05,8.3517727e-17,2.385011e-11,2.0804116e-25,0.60377645,3.1007998e-12,4.4412917e-20,3.675436e-12,0.97402835,6.9586496e-11,2.6319194e-07,2.6756922e-13,9.6318293e-20
400,6.680271e-15,3.7572647e-06,0.01712418,5.957514e-14,5.5481157e-09,9.438747e-23,1.7478054e-05,5.3351217e-17,3.428355e-11,1.3338501e-25,0.63056743,3.904802e-12,3.5189982e-20,4.1315835e-12,0.9690363,6.4005405e-11,1.434657e-07,3.0031338e-13,5.2870367e-20
402,5.9689984e-15,2.8890681e-06,0.018732864,5.427835e-14,4.220743e-09,5.6388005e-23,1.4313501e-05,5.3561457e-17,2.7265176e-11,1.1724085e-25,0.6237122,3.1398772e-12,2.8085667e-20,3.5016241e-12,0.9717035,5.6919015e-11,1.6298026e-07,2.6266988e-13,4.4751008e-20
405,6.824304e-15,2.6876096e-06,0.019451927,5.558121e-14,3.9707126e-09,5.855132e-23,1.4385042e-05,6.625446e-17,2.5655556e-11,1.4549343e-25,0.6100312,3.0607255e-12,3.2257294e-20,3.4787839e-12,0.9731539,6.01352e-11,2.0241438e-07,2.6206186e-13,5.7499806e-20
406,8.721594e-15,2.7020012e-06,0.020202648,5.584496e-14,4.0177404e-09,7.020573e-23,1.5048424e-05,7.8746986e-17,2.3212194e-11,1.9272689e-25,0.60006034,2.927698e-12,3.95712e-20,3.4936721e-12,0.9743294,6.637077e-11,2.5185136e-07,2.5664388e-13,8.644331e-20
418,4.550582e-15,2.9389523e-06,0.018673193,6.665103e-14,4.3663175e-09,3.9679218e-23,1.335513e-05,5.2037264e-17,3.779674e-11,1.2977282e-25,0.6073059,3.5183074e-12,2.7797876e-20,3.4542805e-12,0.9666448,5.664674e-11,1.262816e-07,3.0698157e-13,2.6313984e-20
420,5.2244577e-15,3.7779428e-06,0.01659864,6.023498e-14,5.4048113e-09,7.4198995e-23,1.6137488e-05,4.2655216e-17,3.8567437e-11,1.0881335e-25,0.6424775,4.025182e-12,2.9619144e-20,3.955113e-12,0.9662475,5.498837e-11,1.1267348e-07,3.147185e-13,3.499801e-20
427,1.329717e-14,1.8453975e-06,0.022575252,7.494579e-14,3.2952598e-09,6.918324e-23,1.2705603e-05,1.9202544e-16,2.3235538e-11,5.0547564e-25,0.566787,2.8418526e-12,6.427941e-20,3.9668533e-12,0.97618747,9.05625e-11,5.407844e-07,3.2900787e-13,1.8345059e-19
429,3.3503236e-15,2.4896215e-06,0.019944718,8.129006e-14,4.2120574e-09,2.7973248e-23,9.550082e-06,4.627054e-17,4.616384e-11,9.86676e-26,0.6014857,3.4396127e-12,2.1350234e-20,3.5933155e-12,0.9645146,5.4935955e-11,9.9314576e-08,3.2664493e-13,1.6679737e-20
436,8.612622e-15,2.1249848e-06,0.022720275,7.764153e-14,3.8911723e-09,5.685433e-23,1.2438073e-05,1.2365786e-16,2.997128e-11,3.4015995e-25,0.57820964,3.050689e-12,4.715752e-20,3.862373e-12,0.97138107,7.880838e-11,3.3374332e-07,3.3070218e-13,9.3425074e-20
442,1.0703546e-14,2.105723e-06,0.02301817,6.55359e-14,3.5986296e-09,6.305552e-23,1.3341802e-05,1.3087956e-16,2.2467028e-11,3.3344835e-25,0.5787893,2.7008853e-12,4.954997e-20,3.5731062e-12,0.97514457,7.762033e-11,3.9388152e-07,2.7848814e-13,1.3024633e-19
445,5.7416874e-15,3.968095e-06,0.016297102,5.8384646e-14,5.748039e-09,9.1965985e-23,1.771591e-05,4.384067e-17,3.720295e-11,1.0512009e-25,0.6562375,4.2816714e-12,3.113725e-20,4.4249483e-12,0.9669759,6.0074445e-11,1.1816664e-07,3.1937352e-13,4.005201e-20
447,4.7151893e-15,2.2994493e-06,0.019581132,5.6197034e-14,3.5357834e-09,3.3928428e-23,1.1483577e-05,5.271055e-17,2.6923793e-11,1.0137608e-25,0.6076232,2.7487765e-12,2.2007132e-20,3.1573353e-12,0.97169685,5.2481477e-11,1.628934e-07,2.609446e-13,3.094542e-20
449,7.206692e-15,1.946431e-06,0.02169123,6.338306e-14,3.273441e-09,4.3307965e-23,1.1878203e-05,9.607038e-17,2.4107783e-11,1.9505598e-25,0.58839524,2.7011327e-12,3.2931934e-20,3.524238e-12,0.9746791,6.5961e-11,2.9203264e-07,2.8569925e-13,6.583262e-20
452,5.9768593e-15,2.0729667e-06,0.021298371,6.854624e-14,3.5124927e-09,3.7458334e-23,1.0949113e-05,8.208533e-17,2.9044564e-11,1.7835748e-25,0.58006454,2.7563154e-12,3.0221654e-20,3.3400305e-12,0.9715468,6.312521e-11,2.2893765e-07,2.8937207e-13,4.8617915e-20
453,9.198531e-15,1.7400005e-06,0.023258213,7.325814e-14,3.2157403e-09,4.70082e-23,1.1118534e-05,1.4921567e-16,2.4432654e-11,3.458292e-25,0.5733142,2.6017942e-12,4.5467352e-20,3.6792444e-12,0.97478443,7.811862e-11,4.2741326e-07,3.2009188e-13,1.0997503e-19
455,7.243376e-15,1.9242277e-06,0.02165916,6.50161e-14,3.2735596e-09,4.0146176e-23,1.1279996e-05,1.0191628e-16,2.4909462e-11,2.1932323e-25,0.57820237,2.6126e-12,3.423883e-20,3.293571e-12,0.97419584,6.52444e-11,2.991231e-07,2.783798e-13,6.8504475e-20
456,5.077393e-15,1.9757988e-06,0.020501489,5.5996952e-14,3.2251015e-09,3.0225988e-23,1.0630805e-05,6.335879e-17,2.4908558e-11,1.2207314e-25,0.5975597,2.4628361e-12,2.337746e-20,3.0449978e-12,0.9723481,5.472616e-11,2.0303847e-07,2.5600488e-13,3.7465543e-20
461,5.8005333e-15,2.4469127e-06,0.021837784,7.737587e-14,4.1805546e-09,4.7820474e-23,1.31947945e-05,7.649063e-17,3.6553937e-11,1.9503886e-25,0.5932342,3.647501e-12,3.3716108e-20,3.8416323e-12,0.9687454,6.447309e-11,1.9270946e-07,3.3285183e-13,4.5468393e-20
463,4.782888e-15,2.175452e-06,0.019755319,5.665238e-14,3.4162175e-09,3.2308726e-23,1.1099105e-05,5.5259993e-17,2.6955804e-11,1.06161e-25,0.6053808,2.6923012e-12,2.2358044e-20,3.1445161e-12,0.97180814,5.3534347e-11,1.701671e-07,2.6147522e-13,3.154e-20
465,6.9408997e-15,2.174699e-06,0.021558365,6.56614e-14,3.5569756e-09,4.8344315e-23,1.2370703e-05,8.89625e-17,2.7321869e-11,1.989957e-25,0.58832335,2.8911454e-12,3.5016035e-20,3.5950156e-12,0.97304475,6.417765e-11,2.4618504e-07,3.0100727e-13,6.0868505e-20
469,8.830295e-15,3.0258143e-06,0.019099964,5.4615234e-14,4.428932e-09,8.234161e-23,1.6366213e-05,7.2803785e-17,2.4622733e-11,1.8281781e-25,0.614606,3.1998338e-12,4.1632886e-20,3.6718202e-12,0.9733095,6.737431e-11,2.3050714e-07,2.619809e-13,8.683594e-20
470,1.07239e-14,2.645955e-06,0.021643098,6.869676e-14,3.991077e-09,8.031154e-23,1.4985369e-05,1.1291824e-16,2.6066482e-11,2.9614553e-25,0.5801264,3.243109e-12,5.4007003e-20,3.7654966e-12,0.97438806,7.739591e-11,2.969771e-07,2.9099875e-13,1.1239721e-19
471,6.3492895e-15,2.5783297e-06,0.019891428,6.503334e-14,3.9874624e-09,4.9882165e-23,1.3091427e-05,6.889506e-17,3.0909993e-11,1.5796899e-25,0.5958946,3.2386149e-12,3.08755e-20,3.514746e-12,0.97186273,6.148628e-11,1.8406223e-07,2.818644e-13,4.5740823e-20
472,7.585203e-15,2.140067e-06,0.022145882,6.5438974e-14,3.5319887e-09,4.828589e-23,1.2313677e-05,9.591365e-17,2.5551585e-11,2.106895e-25,0.58123666,2.7877635e-12,3.5560675e-20,3.4390878e-12,0.97454995,6.5844094e-11,2.7232923e-07,2.753676e-13,6.9833495e-20
473,4.7090238e-15,2.2669408e-06,0.019610189,5.5767684e-14,3.5192658e-09,3.3148797e-23,1.13349715e-05,5.2705725e-17,2.685143e-11,1.0184004e-25,0.6063048,2.6955176e-12,2.1799253e-20,3.119224e-12,0.9716108,5.288775e-11,1.6315195e-07,2.5760364e-13,3.123778e-20
476,9.450604e-15,1.8036997e-06,0.022728268,6.802163e-14,3.1700722e-09,4.9667036e-23,1.1662444e-05,1.4322312e-16,2.3332575e-11,3.3011595e-25,0.57029176,2.6119872e-12,4.539941e-20,3.5409343e-12,0.9756082,7.5414654e-11,4.121266e-07,3.0231162e-13,1.1117804e-19
477,8.587132e-15,1.8146643e-06,0.022417806,6.578675e-14,3.1670626e-09,4.5773572e-23,1.1378868e-05,1.2751799e-16,2.3465573e-11,2.8333207e-25,0.57544833,2.587082e-12,4.1237102e-20,3.4699702e-12,0.97506577,7.251685e-11,3.7425988e-07,2.914587e-13,9.4276424e-20
478,6.123757e-15,2.0971736e-06,0.020489704,5.785587e-14,3.3257703e-09,3.866347e-23,1.1746674e-05,7.432784e-17,2.457539e-11,1.4904033e-25,0.5963508,2.6676886e-12,2.7992823e-20,3.233862e-12,0.9739194,5.858485e-11,2.2807382e-07,2.6653828e-13,4.946895e-20
479,1.4715453e-14,2.3641005e-06,0.022057671,6.76792e-14,3.760715e-09,9.616286e-23,1.5383099e-05,1.5071045e-16,2.1826521e-11,4.2918476e-25,0.5750698,3.004613e-12,6.866957e-20,3.8922056e-12,0.97628975,8.835789e-11,4.5958157e-07,2.9062657e-13,1.994987e-19
482,8.986682e-15,1.9934307e-06,0.021911174,6.6063515e-14,3.3210164e-09,5.268868e-23,1.2324357e-05,1.2334081e-16,2.4024746e-11,2.8919485e-25,0.57321155,2.7184886e-12,4.3796305e-20,3.4913739e-12,0.9754732,7.1853634e-11,3.523594e-07,2.932011e-13,9.826972e-20
486,7.342246e-15,5.0441663e-06,0.015008726,6.244231e-14,6.9528987e-09,1.4469277e-22,2.0749563e-05,4.6205455e-17,4.3452866e-11,1.4801368e-25,0.660797,4.9646858e-12,4.4422575e-20,4.7598796e-12,0.9643438,6.47158e-11,1.1703469e-07,3.5867332e-13,5.917451e-20
487,5.8366686e-15,4.995842e-06,0.019681606,1.9910813e-13,8.416699e-09,1.269914e-22,1.08415925e-05,6.52442e-17,1.3295902e-10,2.0707283e-25,0.6175202,7.798027e-12,5.9679815e-20,7.97227e-12,0.95596814,8.3266664e-11,4.945811e-08,8.46122e-13,2.2582536e-20
491,5.9379076e-15,2.4145456e-06,0.019859403,5.760635e-14,3.6386956e-09,4.3978724e-23,1.2951328e-05,6.523101e-17,2.5804943e-11,1.3523457e-25,0.6040026,2.9146158e-12,2.762167e-20,3.3102351e-12,0.9735158,5.7392688e-11,1.9359013e-07,2.651262e-13,4.5243468e-20
492,8.031216e-15,2.4242063e-06,0.019424988,6.0481696e-14,3.713174e-09,5.971844e-23,1.3987095e-05,8.626819e-17,2.4602405e-11,1.9165209e-25,0.6074563,3.0848605e-12,3.7527908e-20,3.735331e-12,0.974146,6.671854e-11,2.5632465e-07,2.947616e-13,7.298108e-20
496,5.4448582e-15,4.8665897e-06,0.014248777,6.482763e-14,6.9228334e-09,1.1511953e-22,1.8168901e-05,3.7500346e-17,5.25005e-11,1.1108063e-25,0.67295396,5.2627204e-12,3.3971086e-20,4.9227536e-12,0.9619316,5.91784e-11,8.542303e-08,3.8874923e-13,3.4026207e-20
497,5.231019e-15,3.4317113e-06,0.022811884,2.2152251e-13,8.179432e-09,8.344964e-23,7.206948e-06,5.796347e-17,9.702918e-11,1.0623473e-25,0.6077496,4.3355315e-12,3.0612326e-20,6.9555147e-12,0.95968753,7.4467266e-11,5.482602e-08,7.113072e-13,2.1073744e-20
499,8.938543e-15,2.068752e-06,0.021824755,6.225382e-14,3.4361294e-09,5.2400445e-23,1.2626185e-05,1.0996304e-16,2.298425e-11,2.539404e-25,0.5814234,2.6602854e-12,4.0196654e-20,3.3919037e-12,0.9754593,6.962592e-11,3.2917697e-07,2.722825e-13,9.3659515e-20
501,7.374892e-15,6.5254653e-06,0.013262119,6.9037224e-14,8.8619405e-09,2.199939e-22,2.4480645e-05,4.1294782e-17,5.768428e-11,1.5606012e-25,0.69384015,6.688147e-12,5.2799016e-20,5.956713e-12,0.9589474,7.0385545e-11,9.3097086e-08,4.557144e-13,5.845879e-20
503,6.584083e-15,5.6868107e-06,0.0144741805,6.743026e-14,8.09948e-09,1.7894521e-22,2.2593229e-05,3.8891832e-17,5.1415372e-11,1.2565975e-25,0.6904959,6.004394e-12,4.3040236e-20,5.750168e-12,0.9610865,6.9285196e-11,9.3627925e-08,4.1966124e-13,4.9023347e-20
504,1.2685682e-14,3.169719e-06,0.019150047,6.161439e-14,4.6280437e-09,1.3063028e-22,1.8548031e-05,1.0194622e-16,2.541927e-11,2.8254956e-25,0.60936826,3.5310808e-12,6.5410076e-20,4.2606205e-12,0.9737101,7.882342e-11,3.1015935e-07,3.023918e-13,1.5168669e-19
506,7.0501762e-15,6.486786e-06,0.017108377,1.0860998e-13,1.0314166e-08,2.3673945e-22,2.4076053e-05,4.533095e-17,8.085921e-11,1.5739455e-25,0.6895925,8.614129e-12,5.0997223e-20,7.822488e-12,0.957616,8.402961e-11,7.31846e-08,6.0945633e-13,4.2329824e-20
508,8.1784716e-15,6.5423333e-06,0.013949576,7.385609e-14,9.948443e-09,2.825403e-22,2.5462321e-05,4.3612317e-17,5.303604e-11,1.4759925e-25,0.6976261,6.598626e-12,5.0956387e-20,6.785506e-12,0.96111643,7.970877e-11,1.0340958e-07,4.4029475e-13,7.191817e-20
509,6.8068584e-15,4.3858736e-06,0.016136747,5.798479e-14,6.3849033e-09,1.1638725e-22,1.9837513e-05,4.4955542e-17,3.680327e-11,1.2804923e-25,0.660426,4.5828953e-12,3.7241972e-20,4.696876e-12,0.96585864,6.5684916e-11,1.2753254e-07,3.1868955e-13,5.271811e-20
510,5.8868684e-15,7.396756e-06,0.013133137,8.2257694e-14,1.0719412e-08,2.394789e-22,2.4323055e-05,3.6293516e-17,8.12849e-11,1.3075572e-25,0.7238993,8.420107e-12,4.762902e-20,7.446708e-12,0.9541365,7.2521406e-11,6.207698e-08,5.9534284e-13,3.875286e-20
512,7.754277e-15,4.625986e-06,0.01855614,9.322724e-14,7.496541e-09,1.6291781e-22,1.8811766e-05,5.576292e-17,4.8136384e-11,1.4378686e-25,0.6503413,5.330772e-12,4.291187e-20,5.869566e-12,0.9671414,7.4376706e-11,1.1636648e-07,4.3549978e-13,5.849225e-20
516,4.2783016e-15,2.4236006e-06,0.020927524,7.284362e-14,4.8220703e-09,3.338853e-23,1.0516518e-05,4.3468976e-17,3.7611202e-11,7.952214e-26,0.62841797,3.1715008e-12,1.9445544e-20,3.940355e-12,0.9656078,6.256281e-11,1.1290679e-07,2.9381635e-13,1.9975221e-20
518,7.128929e-15,5.5929245e-06,0.014086197,6.227531e-14,7.824395e-09,1.8591606e-22,2.3722903e-05,4.1920924e-17,4.691524e-11,1.3335194e-25,0.6914805,5.9451467e-12,4.6113115e-20,5.6368855e-12,0.9621854,7.041052e-11,1.0729172e-07,3.9640074e-13,5.649186e-20
520,5.042321e-15,5.662528e-06,0.014878368,8.022172e-14,8.405854e-09,1.4135174e-22,2.006193e-05,3.788974e-17,7.144284e-11,1.2425738e-25,0.6837191,6.9034795e-12,3.8422103e-20,5.745443e-12,0.95690954,6.3908184e-11,7.008543e-08,4.8691026e-13,3.0148307e-20
521,6.9605208e-15,2.8458999e-06,0.018741237,6.082262e-14,4.1683488e-09,6.211488e-23,1.4558035e-05,6.8762466e-17,2.8653068e-11,1.5225146e-25,0.6139731,3.372795e-12,3.4261042e-20,3.6565425e-12,0.97246444,6.307262e-11,1.9109895e-07,2.8613171e-13,5.5746454e-20
525,1.35773935e-14,3.3180818e-06,0.018113893,6.2241824e-14,4.778544e-09,1.4185952e-22,2.00335e-05,1.08184325e-16,2.6658585e-11,3.1641635e-25,0.61631083,3.960397e-12,7.109168e-20,4.438591e-12,0.97395134,8.7042464e-11,3.2194006e-07,3.1010413e-13,1.6660351e-19
526,7.945465e-15,2.7006665e-06,0.019561857,1.6227255e-13,4.4196407e-09,6.652043e-23,8.5912825e-06,1.4836315e-16,9.140833e-11,5.5376685e-25,0.545562,5.8686484e-12,7.7911134e-20,5.4449084e-12,0.9613622,9.114406e-11,1.4751375e-07,6.375958e-13,4.6036133e-20
527,1.9442044e-14,2.140377e-06,0.021300757,8.232974e-14,3.6559413e-09,1.1818761e-22,1.544155e-05,2.2155514e-16,2.3864624e-11,7.0327073e-25,0.56555486,3.4466462e-12,9.592742e-20,4.680796e-12,0.97641224,1.0759877e-10,6.345583e-07,3.7207165e-13,2.9981223e-19
532,8.8654305e-15,2.2478584e-06,0.022270976,7.628575e-14,3.7909262e-09,5.9827205e-23,1.3755168e-05,1.1375483e-16,2.9250595e-11,3.042726e-25,0.5842551,3.3062346e-12,4.801009e-20,3.890595e-12,0.973464,7.5247406e-11,3.0558908e-07,3.3427826e-13,8.8872815e-20
533,6.7992804e-15,3.2258556e-06,0.018764801,5.908199e-14,4.7085704e-09,7.62169e-23,1.6596505e-05,6.126531e-17,3.0365203e-11,1.4461804e-25,0.6206541,3.6275264e-12,3.5708712e-20,3.8076456e-12,0.97107226,6.269851e-11,1.7288839e-07,2.8744563e-13,5.540788e-20
534,1.3137641e-14,1.8870546e-06,0.022823272,8.997714e-14,3.4289733e-09,8.286121e-23,1.1746293e-05,2.1318132e-16,3.09041e-11,5.799221e-25,0.56705546,3.375176e-12,7.032941e-20,4.707145e-12,0.97533363,9.219891e-11,4.662868e-07,4.3122724e-13,1.6777637e-19
536,1.0653157e-14,1.8265978e-06,0.022800582,7.038262e-14,3.215078e-09,5.7525605e-23,1.2234093e-05,1.5832744e-16,2.348523e-11,3.7612654e-25,0.5731585,2.756899e-12,5.1744422e-20,3.7630268e-12,0.97605985,8.0630655e-11,4.487847e-07,3.1896442e-13,1.3083394e-19
539,1.6561413e-14,2.2793952e-06,0.020461243,8.609983e-14,3.8192454e-09,1.1319823e-22,1.5172857e-05,2.0312282e-16,2.6687635e-11,5.9444737e-25,0.5824693,3.7195832e-12,8.648486e-20,4.9495672e-12,0.9753807,1.0121184e-10,5.243313e-07,4.1688492e-13,2.2904595e-19
541,6.8216493e-15,1.9383822e-06,0.02169549,6.140122e-14,3.2520395e-09,3.9732532e-23,1.1435523e-05,9.189683e-17,2.4309147e-11,1.9324516e-25,0.5838572,2.616006e-12,3.2300023e-20,3.2861038e-12,0.9739343,6.4375894e-11,2.8196843e-07,2.7282576e-13,6.238569e-20
542,6.735465e-15,1.7870553e-06,0.02173498,6.077171e-14,3.0747613e-09,3.6105744e-23,1.0753776e-05,9.624021e-17,2.3699332e-11,1.9859682e-25,0.58441865,2.493769e-12,3.1795498e-20,3.2619619e-12,0.974146,6.430238e-11,2.9809675e-07,2.7536285e-13,6.296932e-20
543,9.151492e-15,2.0022903e-06,0.021032933,6.679433e-14,3.289125e-09,5.389907e-23,1.2456199e-05,1.2518759e-16,2.3632075e-11,2.8219302e-25,0.58744526,2.8662838e-12,4.382505e-20,3.7606446e-12,0.9752912,7.4316296e-11,3.5944612e-07,3.1615522e-13,9.7440286e-20
544,4.6837987e-15,2.7536914e-06,0.018832974,6.0494964e-14,4.2196886e-09,4.464965e-23,1.3306261e-05,4.87385e-17,3.2224605e-11,9.8339555e-26,0.6215936,3.3933338e-12,2.3196598e-20,3.5910613e-12,0.9700084,5.4714785e-11,1.3343809e-07,2.895167e-13,2.891724e-20
546,3.418541e-15,2.6770501e-06,0.019386081,8.128463e-14,4.2819632e-09,3.1790236e-23,9.651262e-06,4.0822558e-17,4.9111635e-11,8.716789e-26,0.6198069,3.5825917e-12,2.2344402e-20,3.9223885e-12,0.96260875,5.440426e-11,8.523067e-08,3.6423544e-13,1.4822028e-20
550,5.659036e-15,1.9965223e-06,0.020814538,5.806835e-14,3.2390275e-09,3.4584413e-23,1.1172188e-05,7.218874e-17,2.4786806e-11,1.4064639e-25,0.5927423,2.5822755e-12,2.6270957e-20,3.1415487e-12,0.9734426,5.8197946e-11,2.2547945e-07,2.608431e-13,4.4642905e-20
552,1.1262153e-14,2.737896e-06,0.019283274,6.3678365e-14,4.1165578e-09,9.314168e-23,1.546311e-05,1.1073252e-16,2.6762361e-11,2.8965856e-25,0.59282666,3.387585e-12,5.712377e-20,3.968511e-12,0.9750801,7.951425e-11,3.0063566e-07,3.01948e-13,1.226921e-19
554,7.4551385e-15,3.6115287e-06,0.019607985,1.3146645e-13,6.211722e-09,1.073933e-22,1.3695167e-05,7.016792e-17,5.84089e-11,1.6309602e-25,0.61660373,5.4702137e-12,4.277818e-20,5.97223e-12,0.9676455,8.218441e-11,1.1813835e-07,5.2267343e-13,4.2105325e-20
555,9.975469e-15,3.2731045e-06,0.018172119,6.5435355e-14,4.7614575e-09,8.989936e-23,1.7630882e-05,8.78895e-17,2.9373594e-11,2.5240963e-25,0.6012046,3.6592005e-12,5.2785526e-20,3.902985e-12,0.9725532,7.3241475e-11,2.3403688e-07,3.0203555e-13,9.3906364e-20
556,7.0063944e-15,5.4783022e-06,0.014690177,1.045323e-13,7.800583e-09,1.5050716e-22,1.9454012e-05,6.623071e-17,8.435045e-11,2.5349421e-25,0.62215364,7.303429e-12,5.957064e-20,5.3638066e-12,0.95964444,6.994391e-11,9.3477496e-08,5.183093e-13,4.6612565e-20
562,7.515817e-15,3.188401e-06,0.018231986,5.6366644e-14,4.607882e-09,8.0129764e-23,1.6366012e-05,6.3303464e-17,2.859187e-11,1.5595775e-25,0.62132394,3.4618523e-12,3.8123245e-20,3.852389e-12,0.97145236,6.3399355e-11,1.872127e-07,2.8358896e-13,6.439942e-20
565,5.723821e-15,2.5092913e-06,0.019998796,5.4867074e-14,3.7396495e-09,4.4158767e-23,1.2960422e-05,5.8531624e-17,2.533442e-11,1.1983951e-25,0.6085305,2.8235368e-12,2.5863564e-20,3.2297197e-12,0.9732088,5.5147917e-11,1.7958371e-07,2.524275e-13,4.2756316e-20
567,6.350743e-15,3.097262e-06,0.018376157,5.2606675e-14,4.450016e-09,6.5038256e-23,1.5280968e-05,5.2642227e-17,2.7087178e-11,1.2062058e-25,0.62734795,3.1988392e-12,3.0158543e-20,3.5674744e-12,0.9713077,5.803301e-11,1.6389895e-07,2.6137797e-13,5.043521e-20
568,6.1197635e-15,2.7185952e-06,0.019854372,5.9851335e-14,4.034889e-09,5.110952e-23,1.3962693e-05,6.4655765e-17,2.8975343e-11,1.4016755e-25,0.60039103,3.1642985e-12,3.0893406e-20,3.393638e-12,0.9723808,5.870073e-11,1.7412528e-07,2.718969e-13,4.462673e-20
570,8.023927e-15,3.2496157e-06,0.018536549,5.5626497e-14,4.72126e-09,8.690175e-23,1.6536751e-05,6.3626667e-17,2.8047571e-11,1.6420098e-25,0.62054646,3.4416602e-12,3.9665052e-20,3.8325276e-12,0.97163475,6.5249875e-11,1.9341648e-07,2.744306e-13,7.227212e-20
571,6.6922587e-15,3.3958997e-06,0.01846937,5.5124277e-14,4.9414437e-09,7.741301e-23,1.6526787e-05,5.1743512e-17,2.871752e-11,1.2158563e-25,0.63539183,3.5560003e-12,3.169668e-20,3.9580713e-12,0.9703579,6.190863e-11,1.5756777e-07,2.7359698e-13,5.2314043e-20
572,4.7841107e-15,3.810941e-06,0.016216492,5.6759237e-14,5.4533977e-09,7.261939e-23,1.619955e-05,3.7664356e-17,3.7901852e-11,8.7275694e-26,0.65852356,4.0845786e-12,2.5851826e-20,4.1194418e-12,0.9665023,5.510523e-11,1.0115408e-07,3.125941e-13,2.9843365e-20
573,4.8646428e-15,2.7331089e-06,0.018905304,5.3921633e-14,4.0483483e-09,4.6494045e-23,1.29879645e-05,4.651512e-17,2.8225474e-11,9.1510213e-26,0.625734,3.054124e-12,2.2970996e-20,3.4795736e-12,0.9712869,5.3076116e-11,1.4058325e-07,2.6463966e-13,3.1961978e-20
575,6.556763e-15,2.6219614e-06,0.01928523,5.4840708e-14,3.879131e-09,5.2680037e-23,1.3665902e-05,6.3280045e-17,2.4980544e-11,1.39917e-25,0.6107721,2.8819236e-12,3.0272768e-20,3.3585693e-12,0.9727765,5.7184202e-11,1.967813e-07,2.6125635e-13,5.352706e-20
579,7.334967e-15,2.3359096e-06,0.020380713,6.652796e-14,3.6870476e-09,5.1630773e-23,1.2249645e-05,8.572592e-17,2.8563634e-11,1.9804983e-25,0.584669,3.027341e-12,3.4768598e-20,3.4793613e-12,0.9730968,6.354451e-11,2.3151925e-07,2.890775e-13,6.0939365e-20
580,4.859616e-15,4.045895e-06,0.015952159,6.0460704e-14,5.8134657e-09,7.994932e-23,1.6650783e-05,3.8401063e-17,4.21113e-11,9.8101257e-26,0.6557698,4.3480527e-12,2.836648e-20,4.2214613e-12,0.9645246,5.5085683e-11,9.780861e-08,3.331472e-13,3.0669485e-20
582,6.053221e-15,3.0289036e-06,0.018531779,6.319981e-14,4.4361688e-09,5.986853e-23,1.4512416e-05,5.971065e-17,3.2722016e-11,1.387604e-25,0.60740614,3.381594e-12,3.1603592e-20,3.5255288e-12,0.97106975,5.5576103e-11,1.5531172e-07,2.9066536e-13,4.4777817e-20
583,5.4578763e-15,3.1579764e-06,0.01787529,5.7314606e-14,4.6023922e-09,6.1761416e-23,1.5028976e-05,4.9867662e-17,3.2242126e-11,1.115856e-25,0.6281482,3.5111612e-12,2.852806e-20,3.698248e-12,0.9693769,5.4938363e-11,1.399057e-07,2.854803e-13,3.795188e-20
585,4.7003014e-15,3.0607484e-06,0.01868987,6.4387094e-14,4.5931228e-09,4.992728e-23,1.3464009e-05,4.6007236e-17,3.5447336e-11,1.02193004e-25,0.6165793,3.4615156e-12,2.4755464e-20,3.5413532e-12,0.968795,5.2836933e-11,1.2042925e-07,2.953131e-13,2.947105e-20
589,6.458435e-15,2.1871845e-06,0.02110266,6.78013e-14,3.533141e-09,4.3020637e-23,1.3145523e-05,8.820523e-17,2.7885784e-11,1.8847362e-25,0.5970577,3.1934685e-12,3.4180757e-20,3.719775e-12,0.9725515,6.615289e-11,2.5043084e-07,3.1195264e-13,5.2090016e-20
591,9.317974e-15,1.7285176e-06,0.022525575,7.3229075e-14,3.2296443e-09,5.0280685e-23,1.05752615e-05,1.491229e-16,2.6215563e-11,3.4371961e-25,0.57766277,2.7045764e-12,4.6232184e-20,3.8376923e-12,0.9743495,7.976367e-11,3.973715e-07,3.3731218e-13,1.0550648e-19
592,8.237429e-15,2.0852935e-06,0.022127898,6.9607365e-14,3.590964e-09,5.3324195e-23,1.2679302e-05,1.0952347e-16,2.7291816e-11,2.6230135e-25,0.5805526,2.8755874e-12,4.1075708e-20,3.624041e-12,0.9740574,6.935025e-11,2.9992688e-07,3.1531814e-13,7.995279e-20
595,6.314628e-15,2.860089e-06,0.019077232,6.860837e-14,4.313638e-09,6.303291e-23,1.33999865e-05,6.723777e-17,3.4252243e-11,1.4585741e-25,0.60811543,3.4462715e-12,3.341929e-20,3.8230074e-12,0.9710888,6.0843476e-11,1.6314277e-07,3.188221e-13,4.586418e-20
596,9.860343e-15,2.0534674e-06,0.023530021,8.992447e-14,3.9287738e-09,6.153941e-23,1.2049272e-05,1.5213024e-16,3.226415e-11,4.282738e-25,0.5729486,3.1618972e-12,5.3861542e-20,4.1058476e-12,0.97208476,8.0877714e-11,3.647596e-07,3.875728e-13,1.1232906e-19
598,5.2021642e-15,2.0473196e-06,0.020267116,6.406919e-14,3.4437206e-09,3.1880466e-23,1.0273807e-05,6.6602644e-17,2.877597e-11,1.3155673e-25,0.58780646,2.6461108e-12,2.4820711e-20,3.148405e-12,0.9714048,5.828026e-11,1.9219648e-07,2.7400852e-13,3.6144384e-20
599,3.282616e-15,2.8943355e-06,0.018293709,7.0654853e-14,4.3961084e-09,3.233548e-23,1.0936099e-05,3.428358e-17,4.4457448e-11,6.875167e-26,0.63784266,3.624677e-12,1.9064413e-20,3.7566656e-12,0.964363,4.992282e-11,7.686889e-08,3.3383097e-13,1.3176952e-20
604,1.0499765e-14,3.2987566e-06,0.018775942,6.821197e-14,4.9215783e-09,1.1037455e-22,1.7256847e-05,9.144642e-17,3.046144e-11,2.5926224e-25,0.60309744,3.6759614e-12,5.4982146e-20,4.183069e-12,0.9722996,7.711638e-11,2.3851882e-07,3.1682466e-13,1.0685894e-19
605,9.479959e-15,3.6608737e-06,0.017653273,5.784516e-14,5.3357843e-09,1.2021974e-22,1.9869907e-05,6.98901e-17,2.9247976e-11,1.9296598e-25,0.63287735,4.009558e-12,4.946253e-20,4.406125e-12,0.9713869,7.3197344e-11,2.0759941e-07,2.9653734e-13,9.095955e-20
608,6.409226e-15,1.7735914e-06,0.021344176,5.9653935e-14,3.0978486e-09,3.2939676e-23,1.0360093e-05,9.050075e-17,2.374322e-11,1.839967e-25,0.58490324,2.3813644e-12,2.9334212e-20,3.1577447e-12,0.9734006,6.257581e-11,2.8406018e-07,2.6882508e-13,5.7523936e-20
611,6.624038e-15,1.955102e-06,0.021572504,7.027303e-14,3.409168e-09,3.8602015e-23,1.0560285e-05,9.31146e-17,2.8285511e-11,2.0545353e-25,0.5778916,2.684374e-12,3.2658457e-20,3.417705e-12,0.97222036,6.544806e-11,2.6036713e-07,2.9752993e-13,5.716955e-20
613,8.127001e-15,1.9311658e-06,0.023028327,7.921743e-14,3.4563945e-09,4.600552e-23,1.1626697e-05,1.2621566e-16,2.9678714e-11,3.0940155e-25,0.5629684,2.9255602e-12,4.3186444e-20,3.6027106e-12,0.97350866,7.174229e-11,3.1886373e-07,3.2170772e-13,8.311333e-20
614,1.1383394e-14,1.7497433e-06,0.023079691,9.483887e-14,3.4797913e-09,5.6357466e-23,1.1353039e-05,2.0408747e-16,3.1562832e-11,5.832277e-25,0.55500746,3.0797457e-12,6.139975e-20,4.1701395e-12,0.97409207,8.873045e-11,4.731891e-07,3.8890942e-13,1.4233186e-19
617,7.700921e-15,1.8638555e-06,0.0214542,6.2591e-14,3.1775726e-09,4.205277e-23,1.1368542e-05,1.068538e-16,2.3860301e-11,2.2775923e-25,0.5816099,2.6053148e-12,3.5648418e-20,3.3612544e-12,0.974871,6.732241e-11,3.1780237e-07,2.850314e-13,7.4878114e-20
621,6.4212666e-15,2.3446673e-06,0.020740231,7.137137e-14,3.7651504e-09,4.9348434e-23,1.2145559e-05,7.9685875e-17,3.3058136e-11,1.9430368e-25,0.596448,3.3110435e-12,3.471797e-20,3.8335073e-12,0.9706423,6.4252485e-11,2.037929e-07,3.2760895e-13,4.931294e-20
624,5.254438e-15,2.152943e-06,0.020162364,5.6981174e-14,3.349701e-09,3.5010243e-23,1.1483281e-05,6.249344e-17,2.5481162e-11,1.2022185e-25,0.60246205,2.686387e-12,2.4549701e-20,3.1874562e-12,0.9728858,5.533441e-11,1.9345836e-07,2.6510394e-13,3.8153796e-20
627,9.0619346e-15,1.8155557e-06,0.022763189,6.656705e-14,3.1716931e-09,4.8334356e-23,1.1597895e-05,1.3589918e-16,2.312183e-11,3.0530039e-25,0.5727173,2.5856812e-12,4.3376812e-20,3.5161206e-12,0.97543865,7.4297304e-11,3.9570682e-07,2.9406528e-13,1.0432663e-19
628,8.285364e-15,1.783349e-06,0.0220954,6.3757966e-14,3.0835945e-09,4.4188425e-23,1.1230911e-05,1.2267169e-16,2.2988984e-11,2.612528e-25,0.57957596,2.5512032e-12,3.8941653e-20,3.4728572e-12,0.97530764,7.052342e-11,3.615743e-07,2.9320893e-13,8.813547e-20
635,1.1627899e-14,2.018547e-06,0.023143375,8.073871e-14,3.5476526e-09,6.75587e-23,1.2895277e-05,1.7445076e-16,2.5939218e-11,4.739202e-25,0.56846094,2.94823e-12,6.099099e-20,3.9712894e-12,0.97508484,8.5245186e-11,4.647011e-07,3.470604e-13,1.5435071e-19
636,9.533523e-15,1.7275222e-06,0.022802265,6.866414e-14,3.0825065e-09,4.827134e-23,1.1240309e-05,1.5242649e-16,2.3263032e-11,3.4499252e-25,0.5715956,2.566205e-12,4.5957176e-20,3.6066777e-12,0.9756862,7.7096086e-11,4.342625e-07,3.1008757e-13,1.1506615e-19
637,8.841182e-15,1.7500821e-06,0.022648228,6.6497006e-14,3.1255356e-09,4.583158e-23,1.1275146e-05,1.359692e-16,2.3180737e-11,3.004399e-25,0.5739994,2.5601528e-12,4.203471e-20,3.5307172e-12,0.97539717,7.3842536e-11,3.9904435e-07,2.9736768e-13,1.003242e-19
638,9.759008e-15,1.8000773e-06,0.022532957,6.77359e-14,3.170937e-09,5.147286e-23,1.1761201e-05,1.4498106e-16,2.3186574e-11,3.3583808e-25,0.5733055,2.629638e-12,4.6315326e-20,3.6101601e-12,0.9756645,7.667608e-11,4.191719e-07,3.0372823e-13,1.1526339e-19
639,9.840352e-15,2.3099685e-06,0.021424087,6.019559e-14,3.5862822e-09,6.4463725e-23,1.3859585e-05,1.06345496e-16,2.1861436e-11,2.5476805e-25,0.58614814,2.793997e-12,4.4492274e-20,3.5217248e-12,0.975985,7.155766e-11,3.2548004e-07,2.714958e-13,1.07619836e-19
643,9.422382e-15,1.8193932e-06,0.022765972,6.652415e-14,3.1791487e-09,5.0324242e-23,1.1722446e-05,1.3962757e-16,2.2898747e-11,3.1874235e-25,0.5746568,2.595039e-12,4.5120576e-20,3.5463347e-12,0.9756762,7.474874e-11,4.0751246e-07,2.9631064e-13,1.1056309e-19
644,6.5946906e-15,1.9965587e-06,0.021115765,5.843489e-14,3.2519651e-09,3.8625142e-23,1.1478803e-05,8.3826695e-17,2.3705796e-11,1.7182532e-25,0.58984184,2.5462397e-12,2.9967826e-20,3.1989368e-12,0.9742132,6.080241e-11,2.5866044e-07,2.6429464e-13,5.745113e-20
